{
  "intercept": 25.747616489499244,
  "coefficients": [
    0.3133986144008354,
    17.2220270810077,
    0.5992389767395592,
    -7.261292023353654,
    0.3131029716492403,
    -0.043061683694315844,
    0.9292466280785351,
    0.03135127673851415,
    0.0448946473641408,
    0.27174135421505646,
    0.0871742494363288,
    -0.3070804206265629,
    0.02483762183108546
  ],
  "feature_means": {
    "NO2_current": 22.829242774314487,
    "PM10_current": 25.601713354058656,
    "PM2.5_current": 12.018161976888226,
    "PM10_lag_8h": 25.59292674943208,
    "PM10_lag_24h": 25.595575018539726,
    "PM10_lag_48h": 25.65064083041613,
    "PM10_rolling_24h": 25.616097861676515,
    "hour_sin": -0.000639048517630055,
    "hour_cos": 0.0022615112153107947,
    "dow_sin": -0.018384255343494124,
    "dow_cos": 0.0045817529175727545,
    "month_sin": -0.06558031245988566,
    "month_cos": -0.010996746660404701
  },
  "feature_stds": {
    "NO2_current": 17.11536324196221,
    "PM10_current": 12.059986073091341,
    "PM2.5_current": 6.394040818605186,
    "PM10_lag_8h": 11.988606113873738,
    "PM10_lag_24h": 11.994342037910831,
    "PM10_lag_48h": 12.054563099614828,
    "PM10_rolling_24h": 11.612802485039065,
    "hour_sin": 0.707070022867474,
    "hour_cos": 0.7071704571638164,
    "dow_sin": 0.7081444910796592,
    "dow_cos": 0.7058441659312593,
    "month_sin": 0.6977925805469595,
    "month_cos": 0.7132371356894317
  },
  "feature_lower_bounds": {
    "NO2_current": 4.0,
    "PM10_current": 6.4037500000000005,
    "PM2.5_current": 2.5,
    "PM10_lag_8h": 6.375,
    "PM10_lag_24h": 6.375,
    "PM10_lag_48h": 6.375,
    "PM10_rolling_24h": 7.169153971783047,
    "hour_sin": -1.0,
    "hour_cos": -1.0,
    "dow_sin": -0.9749279121818236,
    "dow_cos": -0.9009688679024191,
    "month_sin": -1.0,
    "month_cos": -1.0
  },
  "feature_upper_bounds": {
    "NO2_current": 89.0,
    "PM10_current": 88.69250000000011,
    "PM2.5_current": 40.471250000000055,
    "PM10_lag_8h": 88.10041666666727,
    "PM10_lag_24h": 88.88500000000022,
    "PM10_lag_48h": 88.88500000000022,
    "PM10_rolling_24h": 84.64077589756315,
    "hour_sin": 1.0,
    "hour_cos": 1.0,
    "dow_sin": 0.9749279121818236,
    "dow_cos": 1.0,
    "month_sin": 1.0,
    "month_cos": 1.0
  },
  "model_type": "ridge_numpy_winsorized",
  "station": "València - Centre",
  "pollutant": "PM10",
  "horizon_hours": 8,
  "target_window_hours": 24,
  "alpha": 5.0,
  "feature_clip_quantile": 0.005,
  "feature_names": [
    "NO2_current",
    "PM10_current",
    "PM2.5_current",
    "PM10_lag_8h",
    "PM10_lag_24h",
    "PM10_lag_48h",
    "PM10_rolling_24h",
    "hour_sin",
    "hour_cos",
    "dow_sin",
    "dow_cos",
    "month_sin",
    "month_cos"
  ],
  "selected_strategy": "ridge",
  "trained_at_utc": "2026-06-23T13:42:17+00:00",
  "source_file": "data/time/filtrado_València - Centre.csv",
  "source_start": "2019-01-01 00:00:00",
  "source_end": "2025-01-31 23:00:00",
  "selection_train_start": "2022-02-01 23:00:00",
  "selection_train_end": "2024-11-30 14:00:00",
  "validation_start": "2024-11-30 23:00:00",
  "validation_end": "2024-12-31 14:00:00",
  "train_start": "2022-02-01 23:00:00",
  "train_end": "2024-12-31 14:00:00",
  "test_start": "2024-12-31 23:00:00",
  "test_end": "2025-01-31 15:00:00",
  "selection_train_rows": 22208,
  "validation_rows": 731,
  "train_rows": 22939,
  "test_rows": 728,
  "metrics": {
    "mae": 3.5923740934303416,
    "rmse": 4.8797765906703505,
    "r2": 0.8483980228152633
  },
  "baseline_metrics": {
    "mae": 4.191508220040829,
    "rmse": 5.788519209554764,
    "r2": 0.7866758889568551
  },
  "validation_metrics": {
    "mae": 6.22782287224437,
    "rmse": 9.8747060447287,
    "r2": 0.7833596008269487
  },
  "validation_baseline_metrics": {
    "mae": 6.421201171892601,
    "rmse": 9.819178733091583,
    "r2": 0.7857891692534715
  },
  "beats_baseline_mae": true
}