{
  "intercept": 16.441256901088696,
  "coefficients": [
    -0.4214238031621112,
    4.7620356771439365,
    -0.30049038414952345,
    0.4473649044126453,
    -0.5355903540707407,
    -0.4053984498272166,
    1.5237387582594222,
    1.8572305154097264,
    0.2689220905174402,
    -0.18570538781979415,
    0.17787639756042825,
    0.8772429041503598,
    1.444316548666426,
    0.5652266171695323,
    1.1980533825245556
  ],
  "feature_means": {
    "SO2_current": 3.5156080697590424,
    "NO2_current": 16.3840875083845,
    "O3_current": 54.062968518504874,
    "PM10_current": 13.55994882381558,
    "PM2.5_current": 9.33130310474963,
    "NO2_lag_8h": 16.4800577885558,
    "NO2_lag_24h": 16.460296166348485,
    "NO2_lag_48h": 16.53206748877767,
    "NO2_rolling_24h": 16.484817778754657,
    "hour_sin": -0.010017514936133542,
    "hour_cos": 0.008523700829945852,
    "dow_sin": -0.023328243740375367,
    "dow_cos": 0.00678986744243258,
    "month_sin": 0.024071879395017308,
    "month_cos": -0.023702857346995267
  },
  "feature_stds": {
    "SO2_current": 1.00454407607078,
    "NO2_current": 12.800950631840516,
    "O3_current": 23.67835341449836,
    "PM10_current": 9.192231806480033,
    "PM2.5_current": 7.395672845197307,
    "NO2_lag_8h": 12.85015157005336,
    "NO2_lag_24h": 12.82617514013785,
    "NO2_lag_48h": 12.843077908261469,
    "NO2_rolling_24h": 8.692527039226773,
    "hour_sin": 0.7061580702017636,
    "hour_cos": 0.7079684784422869,
    "dow_sin": 0.7079410040385532,
    "dow_cos": 0.7058900726546598,
    "month_sin": 0.703009143832401,
    "month_cos": 0.7104142478593434
  },
  "feature_lower_bounds": {
    "SO2_current": 3.0,
    "NO2_current": 1.0,
    "O3_current": 5.612500000000001,
    "PM10_current": 1.6625000000000003,
    "PM2.5_current": 1.0,
    "NO2_lag_8h": 1.0,
    "NO2_lag_24h": 1.0,
    "NO2_lag_48h": 1.0,
    "NO2_rolling_24h": 2.375,
    "hour_sin": -1.0,
    "hour_cos": -1.0,
    "dow_sin": -0.9749279121818236,
    "dow_cos": -0.9009688679024191,
    "month_sin": -1.0,
    "month_cos": -1.0
  },
  "feature_upper_bounds": {
    "SO2_current": 9.0,
    "NO2_current": 63.0,
    "O3_current": 109.01249999999982,
    "PM10_current": 46.291666666666664,
    "PM2.5_current": 39.87142857142836,
    "NO2_lag_8h": 63.0,
    "NO2_lag_24h": 63.0,
    "NO2_lag_48h": 63.0,
    "NO2_rolling_24h": 43.845833333333154,
    "hour_sin": 1.0,
    "hour_cos": 1.0,
    "dow_sin": 0.9749279121818236,
    "dow_cos": 1.0,
    "month_sin": 1.0,
    "month_cos": 1.0
  },
  "model_type": "ridge_numpy_winsorized",
  "station": "València - Molí del Sol",
  "pollutant": "NO2",
  "horizon_hours": 24,
  "target_window_hours": 1,
  "alpha": 5.0,
  "feature_clip_quantile": 0.005,
  "feature_names": [
    "SO2_current",
    "NO2_current",
    "O3_current",
    "PM10_current",
    "PM2.5_current",
    "NO2_lag_8h",
    "NO2_lag_24h",
    "NO2_lag_48h",
    "NO2_rolling_24h",
    "hour_sin",
    "hour_cos",
    "dow_sin",
    "dow_cos",
    "month_sin",
    "month_cos"
  ],
  "selected_strategy": "ridge",
  "trained_at_utc": "2026-06-23T13:42:17+00:00",
  "source_file": "data/time/filtrado_València - Molí del Sol.csv",
  "source_start": "2019-01-01 00:00:00",
  "source_end": "2025-01-31 23:00:00",
  "selection_train_start": "2022-02-01 23:00:00",
  "selection_train_end": "2024-11-29 22:00:00",
  "validation_start": "2024-11-30 23:00:00",
  "validation_end": "2024-12-22 11:00:00",
  "train_start": "2022-02-01 23:00:00",
  "train_end": "2024-12-22 11:00:00",
  "test_start": "2025-01-05 09:00:00",
  "test_end": "2025-01-30 23:00:00",
  "selection_train_rows": 19059,
  "validation_rows": 322,
  "train_rows": 19381,
  "test_rows": 384,
  "metrics": {
    "mae": 8.46360613780884,
    "rmse": 11.136550844788223,
    "r2": 0.11908246920582155
  },
  "baseline_metrics": {
    "mae": 7.9140625,
    "rmse": 12.451259139808577,
    "r2": -0.10118525669000955
  },
  "validation_metrics": {
    "mae": 11.07991263496946,
    "rmse": 14.13978275815783,
    "r2": 0.36168954664948527
  },
  "validation_baseline_metrics": {
    "mae": 12.624223602484472,
    "rmse": 16.807181990435737,
    "r2": 0.09814589168118293
  },
  "beats_baseline_mae": false
}