{
  "intercept": 55.29753742659069,
  "coefficients": [
    0.10291012938985696,
    -2.120691886178177,
    3.57012723520077,
    -9.984998004364659,
    -7.906670690726781,
    0.8732451473783396,
    23.155089102617275,
    3.2693107881380703,
    -7.70453508408144,
    -0.6793496216092418,
    -0.4207159487109736,
    0.8596911880411907,
    -3.913364108855236
  ],
  "feature_means": {
    "SO2_current": 3.4961863876964117,
    "NO2_current": 15.259033884883092,
    "O3_current": 55.62140267101714,
    "O3_lag_8h": 55.45887763891452,
    "O3_lag_24h": 55.66586980726522,
    "O3_lag_48h": 55.67774355814097,
    "O3_rolling_24h": 55.47716757513821,
    "hour_sin": -0.005949949998553215,
    "hour_cos": 0.009745863974322082,
    "dow_sin": -0.009392651527952373,
    "dow_cos": -0.002097818933431964,
    "month_sin": -0.0335487746570396,
    "month_cos": -0.03360177856444896
  },
  "feature_stds": {
    "SO2_current": 1.0116836026348426,
    "NO2_current": 13.076010095982793,
    "O3_current": 24.22607495499145,
    "O3_lag_8h": 24.184755094400685,
    "O3_lag_24h": 24.174126228296238,
    "O3_lag_48h": 24.149303331377826,
    "O3_rolling_24h": 18.972659767527418,
    "hour_sin": 0.7080415960760874,
    "hour_cos": 0.7061079163854544,
    "dow_sin": 0.7080625002702775,
    "dow_cos": 0.7061136945730417,
    "month_sin": 0.7056167087323134,
    "month_cos": 0.7070304428673853
  },
  "feature_lower_bounds": {
    "SO2_current": 3.0,
    "NO2_current": 2.0,
    "O3_current": 4.75,
    "O3_lag_8h": 4.75,
    "O3_lag_24h": 4.75,
    "O3_lag_48h": 4.995000000000001,
    "O3_rolling_24h": 11.649166666666666,
    "hour_sin": -1.0,
    "hour_cos": -1.0,
    "dow_sin": -0.9749279121818236,
    "dow_cos": -0.9009688679024191,
    "month_sin": -1.0,
    "month_cos": -1.0
  },
  "feature_upper_bounds": {
    "SO2_current": 8.0,
    "NO2_current": 67.0,
    "O3_current": 107.75500000000011,
    "O3_lag_8h": 107.625,
    "O3_lag_24h": 107.5,
    "O3_lag_48h": 107.38000000000011,
    "O3_rolling_24h": 96.02145833333334,
    "hour_sin": 1.0,
    "hour_cos": 1.0,
    "dow_sin": 0.9749279121818236,
    "dow_cos": 1.0,
    "month_sin": 1.0,
    "month_cos": 1.0
  },
  "model_type": "ridge_numpy_winsorized",
  "station": "València - Vivers",
  "pollutant": "O3",
  "horizon_hours": 8,
  "target_window_hours": 8,
  "alpha": 5.0,
  "feature_clip_quantile": 0.005,
  "feature_names": [
    "SO2_current",
    "NO2_current",
    "O3_current",
    "O3_lag_8h",
    "O3_lag_24h",
    "O3_lag_48h",
    "O3_rolling_24h",
    "hour_sin",
    "hour_cos",
    "dow_sin",
    "dow_cos",
    "month_sin",
    "month_cos"
  ],
  "selected_strategy": "ridge",
  "trained_at_utc": "2026-06-23T13:42:17+00:00",
  "source_file": "data/time/filtrado_València - Vivers.csv",
  "source_start": "2019-01-01 00:00:00",
  "source_end": "2025-01-31 23:00:00",
  "selection_train_start": "2022-02-01 23:00:00",
  "selection_train_end": "2024-11-30 14:00:00",
  "validation_start": "2024-11-30 23:00:00",
  "validation_end": "2024-12-31 14:00:00",
  "train_start": "2022-02-01 23:00:00",
  "train_end": "2024-12-31 14:00:00",
  "test_start": "2024-12-31 23:00:00",
  "test_end": "2025-01-31 15:00:00",
  "selection_train_rows": 23261,
  "validation_rows": 732,
  "train_rows": 23993,
  "test_rows": 735,
  "metrics": {
    "mae": 10.853908049590949,
    "rmse": 13.75377536716092,
    "r2": 0.35397282641761685
  },
  "baseline_metrics": {
    "mae": 12.123760932944608,
    "rmse": 15.520899323361201,
    "r2": 0.17730151848322495
  },
  "validation_metrics": {
    "mae": 11.246013626135419,
    "rmse": 14.371382693569942,
    "r2": 0.17297996377623837
  },
  "validation_baseline_metrics": {
    "mae": 13.427262230028623,
    "rmse": 16.473071238255496,
    "r2": -0.08659593459948378
  },
  "beats_baseline_mae": true
}