{
  "intercept": 3.689149560117302,
  "coefficients": [
    0.5063548777132689,
    -0.033357939136028386,
    -0.01599067761030583,
    -0.0013330888608137626,
    -0.09441756011373457,
    -0.018575168849519298,
    0.08456526390760892,
    0.2403080664271276,
    0.21231478632731554,
    0.0004435445101537587,
    -0.04618895216412619,
    0.041459842439591624,
    0.09014766161301896,
    -0.00238297115493383,
    0.06099776753979582
  ],
  "feature_means": {
    "SO2_current": 3.6608015640273703,
    "NO2_current": 17.50119968008531,
    "O3_current": 50.79633420505854,
    "PM10_current": 16.265860484558637,
    "PM2.5_current": 8.203770879700805,
    "SO2_lag_8h": 3.6667999644539235,
    "SO2_lag_24h": 3.652848129387719,
    "SO2_lag_48h": 3.6447613969608104,
    "SO2_rolling_24h": 3.6776485287688767,
    "hour_sin": -0.00886208537431452,
    "hour_cos": 0.009090817346395063,
    "dow_sin": -0.008655275186111377,
    "dow_cos": 0.006339140578717737,
    "month_sin": -0.03081810320919566,
    "month_cos": -0.013445187310152946
  },
  "feature_stds": {
    "SO2_current": 1.2819835625658726,
    "NO2_current": 14.446715781525935,
    "O3_current": 22.430626058189432,
    "PM10_current": 9.66824988671962,
    "PM2.5_current": 6.312559902512024,
    "SO2_lag_8h": 1.288582868536022,
    "SO2_lag_24h": 1.2654502161270589,
    "SO2_lag_48h": 1.2526420399974132,
    "SO2_rolling_24h": 0.9873030974926016,
    "hour_sin": 0.7055817333847084,
    "hour_cos": 0.7085461632136625,
    "dow_sin": 0.7076187654114953,
    "dow_cos": 0.7065444174299532,
    "month_sin": 0.7196769376624429,
    "month_cos": 0.6935264675447391
  },
  "feature_lower_bounds": {
    "SO2_current": 3.0,
    "NO2_current": 1.0,
    "O3_current": 3.0,
    "PM10_current": 3.25,
    "PM2.5_current": 1.0,
    "SO2_lag_8h": 3.0,
    "SO2_lag_24h": 3.0,
    "SO2_lag_48h": 3.0,
    "SO2_rolling_24h": 3.0,
    "hour_sin": -1.0,
    "hour_cos": -1.0,
    "dow_sin": -0.9749279121818236,
    "dow_cos": -0.9009688679024191,
    "month_sin": -1.0,
    "month_cos": -1.0
  },
  "feature_upper_bounds": {
    "SO2_current": 10.0,
    "NO2_current": 70.0,
    "O3_current": 104.75,
    "PM10_current": 55.541666666666664,
    "PM2.5_current": 33.458333333333336,
    "SO2_lag_8h": 10.0,
    "SO2_lag_24h": 10.0,
    "SO2_lag_48h": 10.0,
    "SO2_rolling_24h": 7.581030701754379,
    "hour_sin": 1.0,
    "hour_cos": 1.0,
    "dow_sin": 0.9749279121818236,
    "dow_cos": 1.0,
    "month_sin": 1.0,
    "month_cos": 1.0
  },
  "model_type": "ridge_numpy_winsorized",
  "station": "València - Pista de Silla",
  "pollutant": "SO2",
  "horizon_hours": 24,
  "target_window_hours": 1,
  "alpha": 5.0,
  "feature_clip_quantile": 0.005,
  "feature_names": [
    "SO2_current",
    "NO2_current",
    "O3_current",
    "PM10_current",
    "PM2.5_current",
    "SO2_lag_8h",
    "SO2_lag_24h",
    "SO2_lag_48h",
    "SO2_rolling_24h",
    "hour_sin",
    "hour_cos",
    "dow_sin",
    "dow_cos",
    "month_sin",
    "month_cos"
  ],
  "selected_strategy": "persistence",
  "trained_at_utc": "2026-06-23T13:42:17+00:00",
  "source_file": "data/time/filtrado_València - Pista de Silla.csv",
  "source_start": "2019-01-01 00:00:00",
  "source_end": "2025-01-31 23:00:00",
  "selection_train_start": "2022-02-01 23:00:00",
  "selection_train_end": "2024-11-29 17:00:00",
  "validation_start": "2024-12-04 14:00:00",
  "validation_end": "2024-12-30 22:00:00",
  "train_start": "2022-02-01 23:00:00",
  "train_end": "2024-12-30 22:00:00",
  "test_start": "2024-12-31 23:00:00",
  "test_end": "2025-01-30 23:00:00",
  "selection_train_rows": 22096,
  "validation_rows": 410,
  "train_rows": 22506,
  "test_rows": 701,
  "metrics": {
    "mae": 0.8500109152697569,
    "rmse": 1.248916703133792,
    "r2": 0.22969857989549303
  },
  "baseline_metrics": {
    "mae": 0.7261055634807418,
    "rmse": 1.4584106018521892,
    "r2": -0.05039676637415047
  },
  "validation_metrics": {
    "mae": 1.0888999110028394,
    "rmse": 1.4855935462786525,
    "r2": 0.3158726917647271
  },
  "validation_baseline_metrics": {
    "mae": 1.0390243902439025,
    "rmse": 1.8212833856189725,
    "r2": -0.028234022818091287
  },
  "beats_baseline_mae": false
}