{
  "intercept": 11.216204629894253,
  "coefficients": [
    -0.20708468741952996,
    -0.16992018514632087,
    -0.7253028690856511,
    -1.1982461588576596,
    1.5513670664991541,
    -1.6964539566815309,
    -1.7831418817216487,
    0.07963679106230218,
    6.963013259066316,
    -1.221242220788974,
    0.6390392613486527,
    0.6576248353310472,
    0.09818862309088147,
    0.6413117910095347,
    1.034222732626078
  ],
  "feature_means": {
    "SO2_current": 3.324616557111556,
    "NO2_current": 11.181099361722397,
    "O3_current": 54.400332868631395,
    "PM10_current": 15.032853025150702,
    "PM2.5_current": 9.906602661486046,
    "NO2_lag_8h": 11.206487567876536,
    "NO2_lag_24h": 11.138753929694198,
    "NO2_lag_48h": 11.145422501667143,
    "NO2_rolling_24h": 11.21215110917458,
    "hour_sin": -0.005569112348424007,
    "hour_cos": 0.007598174618000319,
    "dow_sin": -0.01596669641427317,
    "dow_cos": 0.010420403598014374,
    "month_sin": -0.009532266221149182,
    "month_cos": -0.05094107244983519
  },
  "feature_stds": {
    "SO2_current": 0.6848017035502932,
    "NO2_current": 11.701790631299037,
    "O3_current": 23.104593033780283,
    "PM10_current": 7.699040761120898,
    "PM2.5_current": 6.008081352291632,
    "NO2_lag_8h": 11.762868195482525,
    "NO2_lag_24h": 11.715263835920672,
    "NO2_lag_48h": 11.750326269582994,
    "NO2_rolling_24h": 7.728284935331929,
    "hour_sin": 0.707612756781476,
    "hour_cos": 0.7065713480383075,
    "dow_sin": 0.7086971752648592,
    "dow_cos": 0.7052888849086701,
    "month_sin": 0.7225450026539645,
    "month_cos": 0.6894130613524577
  },
  "feature_lower_bounds": {
    "SO2_current": 3.0,
    "NO2_current": 1.0,
    "O3_current": 2.2456250000000004,
    "PM10_current": 2.375,
    "PM2.5_current": 1.125,
    "NO2_lag_8h": 1.0,
    "NO2_lag_24h": 1.0,
    "NO2_lag_48h": 1.0,
    "NO2_rolling_24h": 1.125,
    "hour_sin": -1.0,
    "hour_cos": -1.0,
    "dow_sin": -0.9749279121818236,
    "dow_cos": -0.9009688679024191,
    "month_sin": -1.0,
    "month_cos": -1.0
  },
  "feature_upper_bounds": {
    "SO2_current": 6.0,
    "NO2_current": 64.0,
    "O3_current": 110.75,
    "PM10_current": 46.291666666666664,
    "PM2.5_current": 38.21270833333332,
    "NO2_lag_8h": 65.0,
    "NO2_lag_24h": 66.0,
    "NO2_lag_48h": 66.0,
    "NO2_rolling_24h": 46.458333333333336,
    "hour_sin": 1.0,
    "hour_cos": 1.0,
    "dow_sin": 0.9749279121818236,
    "dow_cos": 1.0,
    "month_sin": 1.0,
    "month_cos": 1.0
  },
  "model_type": "ridge_numpy_winsorized",
  "station": "València - Politècnic",
  "pollutant": "NO2",
  "horizon_hours": 8,
  "target_window_hours": 1,
  "alpha": 5.0,
  "feature_clip_quantile": 0.005,
  "feature_names": [
    "SO2_current",
    "NO2_current",
    "O3_current",
    "PM10_current",
    "PM2.5_current",
    "NO2_lag_8h",
    "NO2_lag_24h",
    "NO2_lag_48h",
    "NO2_rolling_24h",
    "hour_sin",
    "hour_cos",
    "dow_sin",
    "dow_cos",
    "month_sin",
    "month_cos"
  ],
  "selected_strategy": "ridge",
  "trained_at_utc": "2026-06-23T13:42:17+00:00",
  "source_file": "data/time/filtrado_València - Politècnic.csv",
  "source_start": "2019-01-01 00:00:00",
  "source_end": "2025-01-31 23:00:00",
  "selection_train_start": "2022-02-01 23:00:00",
  "selection_train_end": "2024-11-30 14:00:00",
  "validation_start": "2024-11-30 23:00:00",
  "validation_end": "2024-12-31 14:00:00",
  "train_start": "2022-02-01 23:00:00",
  "train_end": "2024-12-31 14:00:00",
  "test_start": "2024-12-31 23:00:00",
  "test_end": "2025-01-31 15:00:00",
  "selection_train_rows": 20268,
  "validation_rows": 726,
  "train_rows": 20994,
  "test_rows": 702,
  "metrics": {
    "mae": 9.265172584907273,
    "rmse": 12.31387700920803,
    "r2": 0.19234725294685084
  },
  "baseline_metrics": {
    "mae": 10.88034188034188,
    "rmse": 16.724429817083532,
    "r2": -0.48983335155627095
  },
  "validation_metrics": {
    "mae": 10.901972857585026,
    "rmse": 14.291545071229974,
    "r2": 0.034848622168624166
  },
  "validation_baseline_metrics": {
    "mae": 14.210743801652892,
    "rmse": 19.654067496220865,
    "r2": -0.8253323668881714
  },
  "beats_baseline_mae": true
}