{
  "intercept": 8.126989636694052,
  "coefficients": [
    -0.03931530421379194,
    0.6435234473288125,
    0.17169843211096159,
    -1.0465986372634661,
    9.09804039240193,
    -2.3344484331658926,
    1.6208395905001343,
    0.23403395948756653,
    -2.6670921061695556,
    0.13385615310968899,
    0.07573729594586419,
    0.10273654444973254,
    0.131431650751756,
    -0.17049629643572928,
    0.42702627235831
  ],
  "feature_means": {
    "SO2_current": 3.660853904945972,
    "NO2_current": 17.39198805235878,
    "O3_current": 50.96518957886237,
    "PM10_current": 16.231127208528374,
    "PM2.5_current": 8.116532717991017,
    "PM2.5_lag_8h": 8.120824043663674,
    "PM2.5_lag_24h": 8.13123576992927,
    "PM2.5_lag_48h": 8.163156457644765,
    "PM2.5_rolling_24h": 8.123662755698625,
    "hour_sin": -0.003917976706889393,
    "hour_cos": 0.001963833465743324,
    "dow_sin": -0.010460084365838486,
    "dow_cos": 0.006176944977822644,
    "month_sin": -0.03189328875880366,
    "month_cos": -0.014659087358800282
  },
  "feature_stds": {
    "SO2_current": 1.2893735720177506,
    "NO2_current": 14.273063993017326,
    "O3_current": 22.219425225512097,
    "PM10_current": 9.70832445586682,
    "PM2.5_current": 6.297096407809004,
    "PM2.5_lag_8h": 6.292876925046508,
    "PM2.5_lag_24h": 6.304841284452976,
    "PM2.5_lag_48h": 6.318723357370928,
    "PM2.5_rolling_24h": 6.157086497354545,
    "hour_sin": 0.7066533090174495,
    "hour_cos": 0.7075774303273181,
    "dow_sin": 0.7074174921363103,
    "dow_cos": 0.7067226078201427,
    "month_sin": 0.7207916809866394,
    "month_cos": 0.6922941245381788
  },
  "feature_lower_bounds": {
    "SO2_current": 3.0,
    "NO2_current": 1.0,
    "O3_current": 3.25,
    "PM10_current": 3.25,
    "PM2.5_current": 1.0,
    "PM2.5_lag_8h": 1.0,
    "PM2.5_lag_24h": 1.0,
    "PM2.5_lag_48h": 1.0,
    "PM2.5_rolling_24h": 1.0190972222222217,
    "hour_sin": -1.0,
    "hour_cos": -1.0,
    "dow_sin": -0.9749279121818236,
    "dow_cos": -0.9009688679024191,
    "month_sin": -1.0,
    "month_cos": -1.0
  },
  "feature_upper_bounds": {
    "SO2_current": 10.0,
    "NO2_current": 69.0,
    "O3_current": 104.625,
    "PM10_current": 55.33541666666648,
    "PM2.5_current": 33.458333333333336,
    "PM2.5_lag_8h": 33.27916666666655,
    "PM2.5_lag_24h": 33.458333333333336,
    "PM2.5_lag_48h": 33.458333333333336,
    "PM2.5_rolling_24h": 32.23705276268111,
    "hour_sin": 1.0,
    "hour_cos": 1.0,
    "dow_sin": 0.9749279121818236,
    "dow_cos": 1.0,
    "month_sin": 1.0,
    "month_cos": 1.0
  },
  "model_type": "ridge_numpy_winsorized",
  "station": "València - Pista de Silla",
  "pollutant": "PM2.5",
  "horizon_hours": 24,
  "target_window_hours": 24,
  "alpha": 5.0,
  "feature_clip_quantile": 0.005,
  "feature_names": [
    "SO2_current",
    "NO2_current",
    "O3_current",
    "PM10_current",
    "PM2.5_current",
    "PM2.5_lag_8h",
    "PM2.5_lag_24h",
    "PM2.5_lag_48h",
    "PM2.5_rolling_24h",
    "hour_sin",
    "hour_cos",
    "dow_sin",
    "dow_cos",
    "month_sin",
    "month_cos"
  ],
  "selected_strategy": "ridge",
  "trained_at_utc": "2026-06-23T13:42:17+00:00",
  "source_file": "data/time/filtrado_València - Pista de Silla.csv",
  "source_start": "2019-01-01 00:00:00",
  "source_end": "2025-01-31 23:00:00",
  "selection_train_start": "2022-02-01 23:00:00",
  "selection_train_end": "2024-11-28 17:00:00",
  "validation_start": "2024-12-06 14:00:00",
  "validation_end": "2024-12-30 22:00:00",
  "train_start": "2022-02-01 23:00:00",
  "train_end": "2024-12-30 22:00:00",
  "test_start": "2024-12-31 23:00:00",
  "test_end": "2025-01-30 23:00:00",
  "selection_train_rows": 22466,
  "validation_rows": 300,
  "train_rows": 22766,
  "test_rows": 717,
  "metrics": {
    "mae": 3.3680753344261247,
    "rmse": 4.718590137711703,
    "r2": 0.3828410510941186
  },
  "baseline_metrics": {
    "mae": 3.7168777092371785,
    "rmse": 5.512573070258399,
    "r2": 0.15767199931098597
  },
  "validation_metrics": {
    "mae": 1.668837536369252,
    "rmse": 2.0480921939934387,
    "r2": 0.8157262881722248
  },
  "validation_baseline_metrics": {
    "mae": 1.9104628556459222,
    "rmse": 2.3368399578924945,
    "r2": 0.7601043795995941
  },
  "beats_baseline_mae": true
}