{
  "intercept": 3.511537676128242,
  "coefficients": [
    0.3573077503521086,
    -0.009670578553147685,
    0.007261343714805026,
    -0.08421572061827987,
    0.06138336725378134,
    -0.027052086738858422,
    0.10926805763816116,
    0.14345170356874234,
    0.19978514293816643,
    0.015506494049973871,
    -0.03596721507232979,
    0.008190035285194427,
    0.06426762112692268,
    -0.0005888794449364895,
    0.006744720881101934
  ],
  "feature_means": {
    "SO2_current": 3.4957116602001226,
    "NO2_current": 16.47820093935062,
    "O3_current": 54.16792070521796,
    "PM10_current": 13.625442285334348,
    "PM2.5_current": 9.348340318784137,
    "SO2_lag_8h": 3.492189095364509,
    "SO2_lag_24h": 3.480600367571983,
    "SO2_lag_48h": 3.473095772922197,
    "SO2_rolling_24h": 3.4929256467063525,
    "hour_sin": -0.008923874532382444,
    "hour_cos": 0.010655232166463378,
    "dow_sin": -0.018411255260972908,
    "dow_cos": 0.0044529286272850235,
    "month_sin": 0.03264674983007819,
    "month_cos": -0.04126056449172518
  },
  "feature_stds": {
    "SO2_current": 0.9828944874527614,
    "NO2_current": 12.784378254331473,
    "O3_current": 23.616574524528932,
    "PM10_current": 9.163831149828258,
    "PM2.5_current": 7.371805147988996,
    "SO2_lag_8h": 0.9806887335835224,
    "SO2_lag_24h": 0.9608571413564478,
    "SO2_lag_48h": 0.9529928156602333,
    "SO2_rolling_24h": 0.7370481240198895,
    "hour_sin": 0.7060940657556609,
    "hour_cos": 0.7080176870700062,
    "dow_sin": 0.7074815752553996,
    "dow_cos": 0.7065140152415084,
    "month_sin": 0.7023752053591367,
    "month_cos": 0.7098955834347466
  },
  "feature_lower_bounds": {
    "SO2_current": 3.0,
    "NO2_current": 1.0,
    "O3_current": 5.625,
    "PM10_current": 1.625,
    "PM2.5_current": 1.0,
    "SO2_lag_8h": 3.0,
    "SO2_lag_24h": 3.0,
    "SO2_lag_48h": 3.0,
    "SO2_rolling_24h": 3.0,
    "hour_sin": -1.0,
    "hour_cos": -1.0,
    "dow_sin": -0.9749279121818236,
    "dow_cos": -0.9009688679024191,
    "month_sin": -1.0,
    "month_cos": -1.0
  },
  "feature_upper_bounds": {
    "SO2_current": 9.0,
    "NO2_current": 63.0,
    "O3_current": 108.88312499999984,
    "PM10_current": 46.291666666666664,
    "PM2.5_current": 39.83488095238092,
    "SO2_lag_8h": 9.0,
    "SO2_lag_24h": 9.0,
    "SO2_lag_48h": 9.0,
    "SO2_rolling_24h": 7.041666666666667,
    "hour_sin": 1.0,
    "hour_cos": 1.0,
    "dow_sin": 0.9749279121818236,
    "dow_cos": 1.0,
    "month_sin": 1.0,
    "month_cos": 1.0
  },
  "model_type": "ridge_numpy_winsorized",
  "station": "València - Molí del Sol",
  "pollutant": "SO2",
  "horizon_hours": 24,
  "target_window_hours": 1,
  "alpha": 5.0,
  "feature_clip_quantile": 0.005,
  "feature_names": [
    "SO2_current",
    "NO2_current",
    "O3_current",
    "PM10_current",
    "PM2.5_current",
    "SO2_lag_8h",
    "SO2_lag_24h",
    "SO2_lag_48h",
    "SO2_rolling_24h",
    "hour_sin",
    "hour_cos",
    "dow_sin",
    "dow_cos",
    "month_sin",
    "month_cos"
  ],
  "selected_strategy": "ridge",
  "trained_at_utc": "2026-06-23T13:42:17+00:00",
  "source_file": "data/time/filtrado_València - Molí del Sol.csv",
  "source_start": "2019-01-01 00:00:00",
  "source_end": "2025-01-31 23:00:00",
  "selection_train_start": "2022-02-01 23:00:00",
  "selection_train_end": "2024-11-29 22:00:00",
  "validation_start": "2024-11-30 23:00:00",
  "validation_end": "2024-12-22 11:00:00",
  "train_start": "2022-02-01 23:00:00",
  "train_end": "2024-12-22 11:00:00",
  "test_start": "2025-01-05 09:00:00",
  "test_end": "2025-01-30 23:00:00",
  "selection_train_rows": 19266,
  "validation_rows": 322,
  "train_rows": 19588,
  "test_rows": 464,
  "metrics": {
    "mae": 0.3867118968730338,
    "rmse": 0.5283162310344387,
    "r2": 0.5595388359451167
  },
  "baseline_metrics": {
    "mae": 0.2413793103448276,
    "rmse": 0.5042919242141264,
    "r2": 0.5986865251553888
  },
  "validation_metrics": {
    "mae": 0.8253964953070082,
    "rmse": 1.193365439697538,
    "r2": -0.10107505591291699
  },
  "validation_baseline_metrics": {
    "mae": 0.9409937888198758,
    "rmse": 1.5005175090718055,
    "r2": -0.740813100280379
  },
  "beats_baseline_mae": false
}