{
  "intercept": 17.538542766631473,
  "coefficients": [
    0.05090423096271458,
    0.03946423984059359,
    -0.8062267960296913,
    -1.0058357558093052,
    0.7910566111210587,
    -3.3672533704675383,
    -2.650039457949155,
    -0.3361617833013365,
    9.208245547704898,
    2.2631003378418937,
    -0.0008320191839480848,
    1.224713745779363,
    0.048526496472976945,
    1.1329038987159321,
    0.9324962396447007
  ],
  "feature_means": {
    "SO2_current": 3.6684706089405137,
    "NO2_current": 17.534494896163324,
    "O3_current": 50.70709461321047,
    "PM10_current": 16.236411220698155,
    "PM2.5_current": 8.201763333473442,
    "NO2_lag_8h": 17.55275431186202,
    "NO2_lag_24h": 17.431626187961985,
    "NO2_lag_48h": 17.42243048222457,
    "NO2_rolling_24h": 17.527508707164984,
    "hour_sin": -0.0066033461513554615,
    "hour_cos": 0.0031573679930783417,
    "dow_sin": -0.010198707821404895,
    "dow_cos": 0.0074625890251770605,
    "month_sin": -0.03262469881268941,
    "month_cos": -0.013106584805535875
  },
  "feature_stds": {
    "SO2_current": 1.2967856127836999,
    "NO2_current": 14.453946625850543,
    "O3_current": 22.40743545907952,
    "PM10_current": 9.646206618722761,
    "PM2.5_current": 6.309637764080481,
    "NO2_lag_8h": 14.425875992961304,
    "NO2_lag_24h": 14.362224624137466,
    "NO2_lag_48h": 14.327295838163288,
    "NO2_rolling_24h": 9.353659033436074,
    "hour_sin": 0.7066299319628341,
    "hour_cos": 0.7075765430480997,
    "dow_sin": 0.7069729443723408,
    "dow_cos": 0.7071587838316519,
    "month_sin": 0.7171107068930899,
    "month_cos": 0.6961034597371233
  },
  "feature_lower_bounds": {
    "SO2_current": 3.0,
    "NO2_current": 1.0,
    "O3_current": 3.0793750000000006,
    "PM10_current": 3.25,
    "PM2.5_current": 1.0,
    "NO2_lag_8h": 1.0,
    "NO2_lag_24h": 1.0,
    "NO2_lag_48h": 1.0,
    "NO2_rolling_24h": 3.0416666666666665,
    "hour_sin": -1.0,
    "hour_cos": -1.0,
    "dow_sin": -0.9749279121818236,
    "dow_cos": -0.9009688679024191,
    "month_sin": -1.0,
    "month_cos": -1.0
  },
  "feature_upper_bounds": {
    "SO2_current": 10.0,
    "NO2_current": 70.0,
    "O3_current": 104.625,
    "PM10_current": 55.18187500000007,
    "PM2.5_current": 33.3108333333336,
    "NO2_lag_8h": 70.0,
    "NO2_lag_24h": 70.0,
    "NO2_lag_48h": 69.0,
    "NO2_rolling_24h": 51.76190217391309,
    "hour_sin": 1.0,
    "hour_cos": 1.0,
    "dow_sin": 0.9749279121818236,
    "dow_cos": 1.0,
    "month_sin": 1.0,
    "month_cos": 1.0
  },
  "model_type": "ridge_numpy_winsorized",
  "station": "València - Pista de Silla",
  "pollutant": "NO2",
  "horizon_hours": 8,
  "target_window_hours": 1,
  "alpha": 5.0,
  "feature_clip_quantile": 0.005,
  "feature_names": [
    "SO2_current",
    "NO2_current",
    "O3_current",
    "PM10_current",
    "PM2.5_current",
    "NO2_lag_8h",
    "NO2_lag_24h",
    "NO2_lag_48h",
    "NO2_rolling_24h",
    "hour_sin",
    "hour_cos",
    "dow_sin",
    "dow_cos",
    "month_sin",
    "month_cos"
  ],
  "selected_strategy": "ridge",
  "trained_at_utc": "2026-06-23T13:42:17+00:00",
  "source_file": "data/time/filtrado_València - Pista de Silla.csv",
  "source_start": "2019-01-01 00:00:00",
  "source_end": "2025-01-31 23:00:00",
  "selection_train_start": "2022-02-01 23:00:00",
  "selection_train_end": "2024-11-29 17:00:00",
  "validation_start": "2024-12-04 14:00:00",
  "validation_end": "2024-12-31 14:00:00",
  "train_start": "2022-02-01 23:00:00",
  "train_end": "2024-12-31 14:00:00",
  "test_start": "2024-12-31 23:00:00",
  "test_end": "2025-01-31 15:00:00",
  "selection_train_rows": 22302,
  "validation_rows": 426,
  "train_rows": 22728,
  "test_rows": 717,
  "metrics": {
    "mae": 12.078351921914072,
    "rmse": 14.405993409548591,
    "r2": 0.25431359242221097
  },
  "baseline_metrics": {
    "mae": 16.270571827057182,
    "rmse": 21.826244231165692,
    "r2": -0.711700684792784
  },
  "validation_metrics": {
    "mae": 12.54029219955647,
    "rmse": 15.036744861501452,
    "r2": 0.2947108559611792
  },
  "validation_baseline_metrics": {
    "mae": 20.633802816901408,
    "rmse": 26.367037324602766,
    "r2": -1.1686137418301108
  },
  "beats_baseline_mae": true
}