{
  "intercept": 22.79623272976916,
  "coefficients": [
    6.421073754005624,
    -1.4513662689878957,
    0.43729747691571,
    -0.5653906259324922,
    2.217706462891785,
    2.963682863790786,
    0.6759508165178585,
    -0.09926706326676887,
    -0.2666865632922473,
    1.4955456165934842,
    1.683390406832956,
    0.7630746852423098,
    2.2067827360159407
  ],
  "feature_means": {
    "NO2_current": 22.795760748305156,
    "PM10_current": 25.541162508918273,
    "PM2.5_current": 12.010966315824755,
    "NO2_lag_8h": 22.98755685231271,
    "NO2_lag_24h": 22.902385651763495,
    "NO2_lag_48h": 22.95387453874539,
    "NO2_rolling_24h": 22.95267242199411,
    "hour_sin": -0.008521250327916837,
    "hour_cos": 0.008187837209966799,
    "dow_sin": -0.021222952876792173,
    "dow_cos": -0.010761639471961224,
    "month_sin": -0.04426184853658204,
    "month_cos": -0.021835049156019345
  },
  "feature_stds": {
    "NO2_current": 17.085295091182658,
    "PM10_current": 11.844891525975964,
    "PM2.5_current": 6.3381269985558575,
    "NO2_lag_8h": 17.16630717970059,
    "NO2_lag_24h": 17.113401852067327,
    "NO2_lag_48h": 17.132512825461976,
    "NO2_rolling_24h": 12.234553156319816,
    "hour_sin": 0.7056486472944229,
    "hour_cos": 0.7084936396615653,
    "dow_sin": 0.7080062730824954,
    "dow_cos": 0.7058355159763245,
    "month_sin": 0.7035201572155396,
    "month_cos": 0.7089896420323624
  },
  "feature_lower_bounds": {
    "NO2_current": 4.0,
    "PM10_current": 6.3968750000000005,
    "PM2.5_current": 2.5,
    "NO2_lag_8h": 4.0,
    "NO2_lag_24h": 4.0,
    "NO2_lag_48h": 4.0,
    "NO2_rolling_24h": 5.9565340909090905,
    "hour_sin": -1.0,
    "hour_cos": -1.0,
    "dow_sin": -0.9749279121818236,
    "dow_cos": -0.9009688679024191,
    "month_sin": -1.0,
    "month_cos": -1.0
  },
  "feature_upper_bounds": {
    "NO2_current": 89.0,
    "PM10_current": 85.59895833333303,
    "PM2.5_current": 40.25516304347825,
    "NO2_lag_8h": 89.0,
    "NO2_lag_24h": 89.0,
    "NO2_lag_48h": 89.0,
    "NO2_rolling_24h": 61.375,
    "hour_sin": 1.0,
    "hour_cos": 1.0,
    "dow_sin": 0.9749279121818236,
    "dow_cos": 1.0,
    "month_sin": 1.0,
    "month_cos": 1.0
  },
  "model_type": "ridge_numpy_winsorized",
  "station": "València - Centre",
  "pollutant": "NO2",
  "horizon_hours": 24,
  "target_window_hours": 1,
  "alpha": 5.0,
  "feature_clip_quantile": 0.005,
  "feature_names": [
    "NO2_current",
    "PM10_current",
    "PM2.5_current",
    "NO2_lag_8h",
    "NO2_lag_24h",
    "NO2_lag_48h",
    "NO2_rolling_24h",
    "hour_sin",
    "hour_cos",
    "dow_sin",
    "dow_cos",
    "month_sin",
    "month_cos"
  ],
  "selected_strategy": "ridge",
  "trained_at_utc": "2026-06-23T13:42:17+00:00",
  "source_file": "data/time/filtrado_València - Centre.csv",
  "source_start": "2019-01-01 00:00:00",
  "source_end": "2025-01-31 23:00:00",
  "selection_train_start": "2022-02-01 23:00:00",
  "selection_train_end": "2024-11-29 22:00:00",
  "validation_start": "2024-11-30 23:00:00",
  "validation_end": "2024-12-30 22:00:00",
  "train_start": "2022-02-01 23:00:00",
  "train_end": "2024-12-30 22:00:00",
  "test_start": "2024-12-31 23:00:00",
  "test_end": "2025-01-30 23:00:00",
  "selection_train_rows": 22607,
  "validation_rows": 699,
  "train_rows": 23306,
  "test_rows": 679,
  "metrics": {
    "mae": 10.354209758851658,
    "rmse": 13.034366401649992,
    "r2": 0.32139517720308897
  },
  "baseline_metrics": {
    "mae": 10.888070692194404,
    "rmse": 15.256809966968472,
    "r2": 0.07025347148906658
  },
  "validation_metrics": {
    "mae": 11.268098797345484,
    "rmse": 14.187067502314864,
    "r2": 0.3106834517939804
  },
  "validation_baseline_metrics": {
    "mae": 13.743919885550786,
    "rmse": 18.34875148267092,
    "r2": -0.15304556984515627
  },
  "beats_baseline_mae": true
}