{
  "intercept": 12.054894249075204,
  "coefficients": [
    0.2225252030178779,
    -0.03140755396477216,
    9.754614449687077,
    -1.586826477551926,
    1.645060705936983,
    -0.16336703959093885,
    -3.4503340499774495,
    0.017142854274827615,
    0.014620543231622025,
    -0.012926895616276008,
    0.01843528606823431,
    -0.033769049910062986,
    -0.04209974872611481
  ],
  "feature_means": {
    "NO2_current": 22.829242774314487,
    "PM10_current": 25.601713354058656,
    "PM2.5_current": 12.018161976888226,
    "PM2.5_lag_8h": 12.016134442115689,
    "PM2.5_lag_24h": 12.004470760698084,
    "PM2.5_lag_48h": 12.01968521434927,
    "PM2.5_rolling_24h": 12.01870659125157,
    "hour_sin": -0.000639048517630055,
    "hour_cos": 0.0022615112153107947,
    "dow_sin": -0.018384255343494124,
    "dow_cos": 0.0045817529175727545,
    "month_sin": -0.06558031245988566,
    "month_cos": -0.010996746660404701
  },
  "feature_stds": {
    "NO2_current": 17.11536324196221,
    "PM10_current": 12.059986073091341,
    "PM2.5_current": 6.394040818605186,
    "PM2.5_lag_8h": 6.388859220681213,
    "PM2.5_lag_24h": 6.388272474822224,
    "PM2.5_lag_48h": 6.378952401512643,
    "PM2.5_rolling_24h": 6.202681929469845,
    "hour_sin": 0.707070022867474,
    "hour_cos": 0.7071704571638164,
    "dow_sin": 0.7081444910796592,
    "dow_cos": 0.7058441659312593,
    "month_sin": 0.6977925805469595,
    "month_cos": 0.7132371356894317
  },
  "feature_lower_bounds": {
    "NO2_current": 4.0,
    "PM10_current": 6.4037500000000005,
    "PM2.5_current": 2.5,
    "PM2.5_lag_8h": 2.5361309523809523,
    "PM2.5_lag_24h": 2.5361309523809523,
    "PM2.5_lag_48h": 2.5361309523809523,
    "PM2.5_rolling_24h": 2.7447916666666665,
    "hour_sin": -1.0,
    "hour_cos": -1.0,
    "dow_sin": -0.9749279121818236,
    "dow_cos": -0.9009688679024191,
    "month_sin": -1.0,
    "month_cos": -1.0
  },
  "feature_upper_bounds": {
    "NO2_current": 89.0,
    "PM10_current": 88.69250000000011,
    "PM2.5_current": 40.471250000000055,
    "PM2.5_lag_8h": 40.400833333333445,
    "PM2.5_lag_24h": 40.51291666666672,
    "PM2.5_lag_48h": 40.5,
    "PM2.5_rolling_24h": 38.73861186594206,
    "hour_sin": 1.0,
    "hour_cos": 1.0,
    "dow_sin": 0.9749279121818236,
    "dow_cos": 1.0,
    "month_sin": 1.0,
    "month_cos": 1.0
  },
  "model_type": "ridge_numpy_winsorized",
  "station": "València - Centre",
  "pollutant": "PM2.5",
  "horizon_hours": 8,
  "target_window_hours": 24,
  "alpha": 5.0,
  "feature_clip_quantile": 0.005,
  "feature_names": [
    "NO2_current",
    "PM10_current",
    "PM2.5_current",
    "PM2.5_lag_8h",
    "PM2.5_lag_24h",
    "PM2.5_lag_48h",
    "PM2.5_rolling_24h",
    "hour_sin",
    "hour_cos",
    "dow_sin",
    "dow_cos",
    "month_sin",
    "month_cos"
  ],
  "selected_strategy": "ridge",
  "trained_at_utc": "2026-06-23T13:42:17+00:00",
  "source_file": "data/time/filtrado_València - Centre.csv",
  "source_start": "2019-01-01 00:00:00",
  "source_end": "2025-01-31 23:00:00",
  "selection_train_start": "2022-02-01 23:00:00",
  "selection_train_end": "2024-11-30 14:00:00",
  "validation_start": "2024-11-30 23:00:00",
  "validation_end": "2024-12-31 14:00:00",
  "train_start": "2022-02-01 23:00:00",
  "train_end": "2024-12-31 14:00:00",
  "test_start": "2024-12-31 23:00:00",
  "test_end": "2025-01-31 15:00:00",
  "selection_train_rows": 22208,
  "validation_rows": 731,
  "train_rows": 22939,
  "test_rows": 728,
  "metrics": {
    "mae": 1.274911622918783,
    "rmse": 1.8126137137996532,
    "r2": 0.908917758312075
  },
  "baseline_metrics": {
    "mae": 1.591212003576134,
    "rmse": 2.2975512863515304,
    "r2": 0.8536631787291006
  },
  "validation_metrics": {
    "mae": 1.847182365059938,
    "rmse": 2.5776675742536277,
    "r2": 0.9154665130530022
  },
  "validation_baseline_metrics": {
    "mae": 2.1285130193266752,
    "rmse": 2.867778474083572,
    "r2": 0.8953676045752782
  },
  "beats_baseline_mae": true
}