{
  "intercept": 12.636073845660952,
  "coefficients": [
    0.7806800936240315,
    -0.9751306048565596,
    10.631058130112804,
    -2.531617454813876,
    2.234656187322496,
    0.016586081346867648,
    -4.3754147964351455,
    0.03317939828369472,
    0.017532927043302653,
    0.08519176539860888,
    0.3118375235780643,
    -0.002632193455415762,
    0.13747062453516634
  ],
  "feature_means": {
    "NO2_current": 32.987092336327585,
    "PM10_current": 27.80317040488213,
    "PM2.5_current": 12.621134926081305,
    "PM2.5_lag_8h": 12.627980211486538,
    "PM2.5_lag_24h": 12.637250032553458,
    "PM2.5_lag_48h": 12.661640579013405,
    "PM2.5_rolling_24h": 12.63654227295792,
    "hour_sin": -0.0003033039447366267,
    "hour_cos": 0.0008896011754860209,
    "dow_sin": -0.0013374433941290402,
    "dow_cos": 0.005038806003966281,
    "month_sin": -0.019772761495342007,
    "month_cos": -0.025950768514940294
  },
  "feature_stds": {
    "NO2_current": 19.380795081751945,
    "PM10_current": 12.448260961798612,
    "PM2.5_current": 7.004493634828907,
    "PM2.5_lag_8h": 7.011633248794133,
    "PM2.5_lag_24h": 7.0206617905126825,
    "PM2.5_lag_48h": 7.028513287421102,
    "PM2.5_rolling_24h": 6.8192513463718,
    "hour_sin": 0.7077094819782875,
    "hour_cos": 0.7065315776606379,
    "dow_sin": 0.7070602724280027,
    "dow_cos": 0.7071626801989821,
    "month_sin": 0.7089024620590391,
    "month_cos": 0.7045802411826912
  },
  "feature_lower_bounds": {
    "NO2_current": 4.0,
    "PM10_current": 7.5,
    "PM2.5_current": 2.375,
    "PM2.5_lag_8h": 2.375,
    "PM2.5_lag_24h": 2.375,
    "PM2.5_lag_48h": 2.375,
    "PM2.5_rolling_24h": 2.717909495772947,
    "hour_sin": -1.0,
    "hour_cos": -1.0,
    "dow_sin": -0.9749279121818236,
    "dow_cos": -0.9009688679024191,
    "month_sin": -1.0,
    "month_cos": -1.0
  },
  "feature_upper_bounds": {
    "NO2_current": 101.0,
    "PM10_current": 80.05979166666673,
    "PM2.5_current": 43.0,
    "PM2.5_lag_8h": 43.0,
    "PM2.5_lag_24h": 43.0,
    "PM2.5_lag_48h": 42.97645833333339,
    "PM2.5_rolling_24h": 41.97275173611112,
    "hour_sin": 1.0,
    "hour_cos": 1.0,
    "dow_sin": 0.9749279121818236,
    "dow_cos": 1.0,
    "month_sin": 1.0,
    "month_cos": 1.0
  },
  "model_type": "ridge_numpy_winsorized",
  "station": "València Olivereta",
  "pollutant": "PM2.5",
  "horizon_hours": 24,
  "target_window_hours": 24,
  "alpha": 5.0,
  "feature_clip_quantile": 0.005,
  "feature_names": [
    "NO2_current",
    "PM10_current",
    "PM2.5_current",
    "PM2.5_lag_8h",
    "PM2.5_lag_24h",
    "PM2.5_lag_48h",
    "PM2.5_rolling_24h",
    "hour_sin",
    "hour_cos",
    "dow_sin",
    "dow_cos",
    "month_sin",
    "month_cos"
  ],
  "selected_strategy": "ridge",
  "trained_at_utc": "2026-06-23T13:42:17+00:00",
  "source_file": "data/time/filtrado_València Olivereta.csv",
  "source_start": "2022-01-01 00:00:00",
  "source_end": "2025-01-31 23:00:00",
  "selection_train_start": "2022-02-01 23:00:00",
  "selection_train_end": "2024-11-29 22:00:00",
  "validation_start": "2024-11-30 23:00:00",
  "validation_end": "2024-12-30 22:00:00",
  "train_start": "2022-02-01 23:00:00",
  "train_end": "2024-12-30 22:00:00",
  "test_start": "2024-12-31 23:00:00",
  "test_end": "2025-01-30 23:00:00",
  "selection_train_rows": 24003,
  "validation_rows": 711,
  "train_rows": 24714,
  "test_rows": 714,
  "metrics": {
    "mae": 3.6554808253101227,
    "rmse": 4.9680366847180055,
    "r2": 0.4866373204403318
  },
  "baseline_metrics": {
    "mae": 4.193067864179627,
    "rmse": 6.2386805844990985,
    "r2": 0.19045646973812014
  },
  "validation_metrics": {
    "mae": 4.334431568861108,
    "rmse": 5.429542465857026,
    "r2": 0.6092899997344752
  },
  "validation_baseline_metrics": {
    "mae": 5.302458825564195,
    "rmse": 6.718770868586627,
    "r2": 0.4017155437128853
  },
  "beats_baseline_mae": true
}