{
  "intercept": 15.072393162210677,
  "coefficients": [
    0.06238549363360861,
    0.2681065139203535,
    -0.06231890709380548,
    10.940511902677239,
    0.8218331674359587,
    0.4432279043646017,
    3.3514569539067516,
    -0.14432645971489344,
    -7.755650795198566,
    -0.0726498406672472,
    0.00446345436441761,
    0.17026487292522585,
    0.05450221425182669,
    0.031332098728119276,
    -0.04592939951311309
  ],
  "feature_means": {
    "SO2_current": 3.3297477570576355,
    "NO2_current": 11.183756869744938,
    "O3_current": 54.39939210725861,
    "PM10_current": 15.028506327587491,
    "PM2.5_current": 9.91493827904083,
    "PM10_lag_8h": 15.017723518451403,
    "PM10_lag_24h": 15.002661998319509,
    "PM10_lag_48h": 15.010325400805973,
    "PM10_rolling_24h": 15.01812839642851,
    "hour_sin": 7.349449208953565e-05,
    "hour_cos": 0.00572568559858888,
    "dow_sin": -0.013495745804971041,
    "dow_cos": 0.016375627654795978,
    "month_sin": -0.0013913475056040897,
    "month_cos": -0.05107193111618049
  },
  "feature_stds": {
    "SO2_current": 0.6889082974593155,
    "NO2_current": 11.668969164924272,
    "O3_current": 23.127489358468846,
    "PM10_current": 7.667579374236924,
    "PM2.5_current": 5.985262514207924,
    "PM10_lag_8h": 7.658008913208098,
    "PM10_lag_24h": 7.652940016358386,
    "PM10_lag_48h": 7.726252072101899,
    "PM10_rolling_24h": 7.434366229345194,
    "hour_sin": 0.7075714919180904,
    "hour_cos": 0.7066518012636045,
    "dow_sin": 0.7085102982957378,
    "dow_cos": 0.7054146401528408,
    "month_sin": 0.7242854293123359,
    "month_cos": 0.6876388522285478
  },
  "feature_lower_bounds": {
    "SO2_current": 3.0,
    "NO2_current": 1.0,
    "O3_current": 2.25,
    "PM10_current": 2.4166666666666665,
    "PM2.5_current": 1.125,
    "PM10_lag_8h": 2.375,
    "PM10_lag_24h": 2.375,
    "PM10_lag_48h": 2.375,
    "PM10_rolling_24h": 2.472777777777778,
    "hour_sin": -1.0,
    "hour_cos": -1.0,
    "dow_sin": -0.9749279121818236,
    "dow_cos": -0.9009688679024191,
    "month_sin": -1.0,
    "month_cos": -1.0
  },
  "feature_upper_bounds": {
    "SO2_current": 6.0,
    "NO2_current": 64.0,
    "O3_current": 109.76500000000033,
    "PM10_current": 46.23166666666672,
    "PM2.5_current": 38.125,
    "PM10_lag_8h": 46.23166666666672,
    "PM10_lag_24h": 46.23166666666672,
    "PM10_lag_48h": 46.833333333333336,
    "PM10_rolling_24h": 46.47138888888893,
    "hour_sin": 1.0,
    "hour_cos": 1.0,
    "dow_sin": 0.9749279121818236,
    "dow_cos": 1.0,
    "month_sin": 1.0,
    "month_cos": 1.0
  },
  "model_type": "ridge_numpy_winsorized",
  "station": "València - Politècnic",
  "pollutant": "PM10",
  "horizon_hours": 8,
  "target_window_hours": 24,
  "alpha": 5.0,
  "feature_clip_quantile": 0.005,
  "feature_names": [
    "SO2_current",
    "NO2_current",
    "O3_current",
    "PM10_current",
    "PM2.5_current",
    "PM10_lag_8h",
    "PM10_lag_24h",
    "PM10_lag_48h",
    "PM10_rolling_24h",
    "hour_sin",
    "hour_cos",
    "dow_sin",
    "dow_cos",
    "month_sin",
    "month_cos"
  ],
  "selected_strategy": "ridge",
  "trained_at_utc": "2026-06-23T13:42:17+00:00",
  "source_file": "data/time/filtrado_València - Politècnic.csv",
  "source_start": "2019-01-01 00:00:00",
  "source_end": "2025-01-31 23:00:00",
  "selection_train_start": "2022-02-01 23:00:00",
  "selection_train_end": "2024-11-30 14:00:00",
  "validation_start": "2024-11-30 23:00:00",
  "validation_end": "2024-12-31 14:00:00",
  "train_start": "2022-02-01 23:00:00",
  "train_end": "2024-12-31 14:00:00",
  "test_start": "2024-12-31 23:00:00",
  "test_end": "2025-01-31 15:00:00",
  "selection_train_rows": 20555,
  "validation_rows": 734,
  "train_rows": 21289,
  "test_rows": 726,
  "metrics": {
    "mae": 1.7102570846656164,
    "rmse": 2.3599705070613437,
    "r2": 0.8924300376236359
  },
  "baseline_metrics": {
    "mae": 2.1300712776862616,
    "rmse": 2.9850355593721445,
    "r2": 0.827901579787119
  },
  "validation_metrics": {
    "mae": 2.0408728911861314,
    "rmse": 2.786177198390412,
    "r2": 0.918007162576184
  },
  "validation_baseline_metrics": {
    "mae": 2.6000738638607372,
    "rmse": 3.5449758308569144,
    "r2": 0.8672651371298938
  },
  "beats_baseline_mae": true
}