{
  "intercept": 3.462904391830833,
  "coefficients": [
    0.051212723909193666,
    -0.024631021148592926,
    -0.0039229608714807865,
    0.014990423912907674,
    -0.014534525479426045,
    -0.1402071907178536,
    -0.08828801973961921,
    -0.00620783968898199,
    0.5342350584471569,
    -0.10129004396495445,
    0.013296687221796687,
    0.01102360340611327,
    -0.0025933478763159757,
    0.01818023290905698,
    -0.02569548398245237
  ],
  "feature_means": {
    "SO2_current": 3.452512199530092,
    "NO2_current": 14.15994939454184,
    "O3_current": 53.25068824068576,
    "PM10_current": 19.42835155657329,
    "PM2.5_current": 9.79097694136532,
    "SO2_lag_8h": 3.457256461232604,
    "SO2_lag_24h": 3.451518163744804,
    "SO2_lag_48h": 3.451698897523947,
    "SO2_rolling_24h": 3.4557909589104905,
    "hour_sin": -0.00547830134240793,
    "hour_cos": 0.0035188930996465253,
    "dow_sin": -0.004185696505597993,
    "dow_cos": 0.0018666187641753402,
    "month_sin": 0.05130008912524225,
    "month_cos": -0.029954271944589682
  },
  "feature_stds": {
    "SO2_current": 0.734734705530364,
    "NO2_current": 12.952679015748991,
    "O3_current": 23.192042666800948,
    "PM10_current": 11.58486207444867,
    "PM2.5_current": 6.8222000891469845,
    "SO2_lag_8h": 0.7429138869597968,
    "SO2_lag_24h": 0.7354689038935553,
    "SO2_lag_48h": 0.7375054192576054,
    "SO2_rolling_24h": 0.5171538722426804,
    "hour_sin": 0.7057683425239368,
    "hour_cos": 0.7084446597070784,
    "dow_sin": 0.7093052007796238,
    "dow_cos": 0.7049186565578877,
    "month_sin": 0.7013885681778629,
    "month_cos": 0.7103310108014893
  },
  "feature_lower_bounds": {
    "SO2_current": 3.0,
    "NO2_current": 1.0,
    "O3_current": 4.375,
    "PM10_current": 2.625,
    "PM2.5_current": 1.5,
    "SO2_lag_8h": 3.0,
    "SO2_lag_24h": 3.0,
    "SO2_lag_48h": 3.0,
    "SO2_rolling_24h": 3.0,
    "hour_sin": -1.0,
    "hour_cos": -1.0,
    "dow_sin": -0.9749279121818236,
    "dow_cos": -0.9009688679024191,
    "month_sin": -1.0,
    "month_cos": -1.0
  },
  "feature_upper_bounds": {
    "SO2_current": 7.0,
    "NO2_current": 71.0,
    "O3_current": 107.5,
    "PM10_current": 61.25145833333348,
    "PM2.5_current": 39.131160714285734,
    "SO2_lag_8h": 7.0,
    "SO2_lag_24h": 7.0,
    "SO2_lag_48h": 7.0,
    "SO2_rolling_24h": 5.666666666666667,
    "hour_sin": 1.0,
    "hour_cos": 1.0,
    "dow_sin": 0.9749279121818236,
    "dow_cos": 1.0,
    "month_sin": 1.0,
    "month_cos": 1.0
  },
  "model_type": "ridge_numpy_winsorized",
  "station": "València - Av. França",
  "pollutant": "SO2",
  "horizon_hours": 8,
  "target_window_hours": 1,
  "alpha": 5.0,
  "feature_clip_quantile": 0.005,
  "feature_names": [
    "SO2_current",
    "NO2_current",
    "O3_current",
    "PM10_current",
    "PM2.5_current",
    "SO2_lag_8h",
    "SO2_lag_24h",
    "SO2_lag_48h",
    "SO2_rolling_24h",
    "hour_sin",
    "hour_cos",
    "dow_sin",
    "dow_cos",
    "month_sin",
    "month_cos"
  ],
  "selected_strategy": "persistence",
  "trained_at_utc": "2026-06-23T13:42:17+00:00",
  "source_file": "data/time/filtrado_València - Av. França.csv",
  "source_start": "2019-01-01 00:00:00",
  "source_end": "2025-01-31 23:00:00",
  "selection_train_start": "2022-02-01 23:00:00",
  "selection_train_end": "2024-11-30 14:00:00",
  "validation_start": "2024-11-30 23:00:00",
  "validation_end": "2024-12-31 14:00:00",
  "train_start": "2022-02-01 23:00:00",
  "train_end": "2024-12-31 14:00:00",
  "test_start": "2024-12-31 23:00:00",
  "test_end": "2025-01-31 15:00:00",
  "selection_train_rows": 21468,
  "validation_rows": 664,
  "train_rows": 22132,
  "test_rows": 702,
  "metrics": {
    "mae": 0.24629951979648296,
    "rmse": 0.40799827948109174,
    "r2": -0.2048679325625491
  },
  "baseline_metrics": {
    "mae": 0.1737891737891738,
    "rmse": 0.5063696835418333,
    "r2": -0.8559153998678126
  },
  "validation_metrics": {
    "mae": 0.11746092096567141,
    "rmse": 0.1761802491584184,
    "r2": -0.8946674040430913
  },
  "validation_baseline_metrics": {
    "mae": 0.025602409638554216,
    "rmse": 0.17783842673645195,
    "r2": -0.9304997923300571
  },
  "beats_baseline_mae": false
}