{
  "intercept": 19.52578272462674,
  "coefficients": [
    0.006496733816835535,
    0.44000493922041733,
    -0.07204430135850778,
    16.52982361476237,
    0.10919959858442935,
    -1.577453822415585,
    3.146793578395543,
    -0.03409785208233745,
    -6.915922604596639,
    -0.0521903978582849,
    0.03485791800651444,
    0.1829141357730997,
    0.0912319416256246,
    0.03838513563777195,
    -0.17636627514589312
  ],
  "feature_means": {
    "SO2_current": 3.4625499259525196,
    "NO2_current": 14.201274514203654,
    "O3_current": 53.334690154570104,
    "PM10_current": 19.432001578775008,
    "PM2.5_current": 9.783925966136515,
    "PM10_lag_8h": 19.406302489609253,
    "PM10_lag_24h": 19.35969625922666,
    "PM10_lag_48h": 19.353195507963214,
    "PM10_rolling_24h": 19.405607162529922,
    "hour_sin": -0.0020483344927838573,
    "hour_cos": 0.0009942268249387618,
    "dow_sin": -0.0037937494566964384,
    "dow_cos": 0.0024619637526499868,
    "month_sin": 0.05480439244836221,
    "month_cos": -0.04105701981420194
  },
  "feature_stds": {
    "SO2_current": 0.7475387587993411,
    "NO2_current": 12.957263863317674,
    "O3_current": 23.206056165126718,
    "PM10_current": 11.556173160692033,
    "PM2.5_current": 6.817898984337564,
    "PM10_lag_8h": 11.535453399777628,
    "PM10_lag_24h": 11.536758512541756,
    "PM10_lag_48h": 11.544947996091004,
    "PM10_rolling_24h": 11.177605868430138,
    "hour_sin": 0.7068223987307147,
    "hour_cos": 0.7074191059997319,
    "dow_sin": 0.7072868941202765,
    "dow_cos": 0.706943897322771,
    "month_sin": 0.7011896533005891,
    "month_cos": 0.709710179315006
  },
  "feature_lower_bounds": {
    "SO2_current": 3.0,
    "NO2_current": 1.0,
    "O3_current": 4.30125,
    "PM10_current": 2.875,
    "PM2.5_current": 1.5,
    "PM10_lag_8h": 2.7916666666666665,
    "PM10_lag_24h": 2.6420833333333333,
    "PM10_lag_48h": 2.625,
    "PM10_rolling_24h": 2.9739583333333335,
    "hour_sin": -1.0,
    "hour_cos": -1.0,
    "dow_sin": -0.9749279121818236,
    "dow_cos": -0.9009688679024191,
    "month_sin": -1.0,
    "month_cos": -1.0
  },
  "feature_upper_bounds": {
    "SO2_current": 7.0,
    "NO2_current": 71.0,
    "O3_current": 107.5,
    "PM10_current": 60.941250000000004,
    "PM2.5_current": 39.15690476190476,
    "PM10_lag_8h": 60.882500000000014,
    "PM10_lag_24h": 60.882500000000014,
    "PM10_lag_48h": 60.77458333333334,
    "PM10_rolling_24h": 59.94516681763285,
    "hour_sin": 1.0,
    "hour_cos": 1.0,
    "dow_sin": 0.9749279121818236,
    "dow_cos": 1.0,
    "month_sin": 1.0,
    "month_cos": 1.0
  },
  "model_type": "ridge_numpy_winsorized",
  "station": "València - Av. França",
  "pollutant": "PM10",
  "horizon_hours": 8,
  "target_window_hours": 24,
  "alpha": 5.0,
  "feature_clip_quantile": 0.005,
  "feature_names": [
    "SO2_current",
    "NO2_current",
    "O3_current",
    "PM10_current",
    "PM2.5_current",
    "PM10_lag_8h",
    "PM10_lag_24h",
    "PM10_lag_48h",
    "PM10_rolling_24h",
    "hour_sin",
    "hour_cos",
    "dow_sin",
    "dow_cos",
    "month_sin",
    "month_cos"
  ],
  "selected_strategy": "ridge",
  "trained_at_utc": "2026-06-23T13:42:17+00:00",
  "source_file": "data/time/filtrado_València - Av. França.csv",
  "source_start": "2019-01-01 00:00:00",
  "source_end": "2025-01-31 23:00:00",
  "selection_train_start": "2022-02-01 23:00:00",
  "selection_train_end": "2024-11-30 14:00:00",
  "validation_start": "2024-11-30 23:00:00",
  "validation_end": "2024-12-31 14:00:00",
  "train_start": "2022-02-01 23:00:00",
  "train_end": "2024-12-31 14:00:00",
  "test_start": "2024-12-31 23:00:00",
  "test_end": "2025-01-31 15:00:00",
  "selection_train_rows": 21625,
  "validation_rows": 658,
  "train_rows": 22283,
  "test_rows": 722,
  "metrics": {
    "mae": 2.545834603294676,
    "rmse": 3.712183645686711,
    "r2": 0.9294968773632201
  },
  "baseline_metrics": {
    "mae": 3.465811202126389,
    "rmse": 5.137875103007851,
    "r2": 0.8649431761960864
  },
  "validation_metrics": {
    "mae": 3.117260003150878,
    "rmse": 4.3227243395718755,
    "r2": 0.9275427714968544
  },
  "validation_baseline_metrics": {
    "mae": 3.77594657845522,
    "rmse": 4.907711803479865,
    "r2": 0.9066047608213519
  },
  "beats_baseline_mae": true
}