{
  "intercept": 13.595679320284809,
  "coefficients": [
    -0.037123055716435066,
    0.4665032253808587,
    -0.02194117493031257,
    13.383564749593434,
    0.6042101304003819,
    0.33337948401344564,
    4.001888878647129,
    -0.2732204894217284,
    -9.167875747492305,
    0.00563143786913399,
    -0.004392227899419123,
    0.04014513356137482,
    0.010530766078570194,
    -0.020048980657168286,
    0.008224703003977346
  ],
  "feature_means": {
    "SO2_current": 3.4996743323813817,
    "NO2_current": 16.538854652036676,
    "O3_current": 53.798130512789314,
    "PM10_current": 13.570560571040524,
    "PM2.5_current": 9.374762886127558,
    "PM10_lag_8h": 13.554843383893543,
    "PM10_lag_24h": 13.553918411535655,
    "PM10_lag_48h": 13.572638574066053,
    "PM10_rolling_24h": 13.560998774983611,
    "hour_sin": -0.001212821278623791,
    "hour_cos": 0.0025595405666065277,
    "dow_sin": -0.01174629110025238,
    "dow_cos": 0.009072125518865003,
    "month_sin": 0.033951229689769616,
    "month_cos": -0.026734700694584754
  },
  "feature_stds": {
    "SO2_current": 0.9878444468262381,
    "NO2_current": 12.834621485618214,
    "O3_current": 23.673362329291933,
    "PM10_current": 9.1260044868058,
    "PM2.5_current": 7.419810882420353,
    "PM10_lag_8h": 9.108055930991284,
    "PM10_lag_24h": 9.111647267832808,
    "PM10_lag_48h": 9.092768110913347,
    "PM10_rolling_24h": 8.849068023095588,
    "hour_sin": 0.7072007932229116,
    "hour_cos": 0.7070425168973511,
    "dow_sin": 0.7078381752151393,
    "dow_cos": 0.7062541561477245,
    "month_sin": 0.7007895544369703,
    "month_cos": 0.7120930991283518
  },
  "feature_lower_bounds": {
    "SO2_current": 3.0,
    "NO2_current": 1.0,
    "O3_current": 4.75,
    "PM10_current": 1.625,
    "PM2.5_current": 1.0,
    "PM10_lag_8h": 1.625,
    "PM10_lag_24h": 1.625,
    "PM10_lag_48h": 1.625,
    "PM10_rolling_24h": 1.750000000000001,
    "hour_sin": -1.0,
    "hour_cos": -1.0,
    "dow_sin": -0.9749279121818236,
    "dow_cos": -0.9009688679024191,
    "month_sin": -1.0,
    "month_cos": -1.0
  },
  "feature_upper_bounds": {
    "SO2_current": 9.0,
    "NO2_current": 63.0,
    "O3_current": 109.15124999999989,
    "PM10_current": 46.30041666666663,
    "PM2.5_current": 40.041666666666664,
    "PM10_lag_8h": 46.291666666666664,
    "PM10_lag_24h": 46.291666666666664,
    "PM10_lag_48h": 46.291666666666664,
    "PM10_rolling_24h": 45.01013888888889,
    "hour_sin": 1.0,
    "hour_cos": 1.0,
    "dow_sin": 0.9749279121818236,
    "dow_cos": 1.0,
    "month_sin": 1.0,
    "month_cos": 1.0
  },
  "model_type": "ridge_numpy_winsorized",
  "station": "València - Molí del Sol",
  "pollutant": "PM10",
  "horizon_hours": 8,
  "target_window_hours": 24,
  "alpha": 5.0,
  "feature_clip_quantile": 0.005,
  "feature_names": [
    "SO2_current",
    "NO2_current",
    "O3_current",
    "PM10_current",
    "PM2.5_current",
    "PM10_lag_8h",
    "PM10_lag_24h",
    "PM10_lag_48h",
    "PM10_rolling_24h",
    "hour_sin",
    "hour_cos",
    "dow_sin",
    "dow_cos",
    "month_sin",
    "month_cos"
  ],
  "selected_strategy": "ridge",
  "trained_at_utc": "2026-06-23T13:42:17+00:00",
  "source_file": "data/time/filtrado_València - Molí del Sol.csv",
  "source_start": "2019-01-01 00:00:00",
  "source_end": "2025-01-31 23:00:00",
  "selection_train_start": "2022-02-01 23:00:00",
  "selection_train_end": "2024-11-30 14:00:00",
  "validation_start": "2024-11-30 23:00:00",
  "validation_end": "2024-12-23 09:00:00",
  "train_start": "2022-02-01 23:00:00",
  "train_end": "2024-12-23 09:00:00",
  "test_start": "2025-01-06 02:00:00",
  "test_end": "2025-01-31 15:00:00",
  "selection_train_rows": 19610,
  "validation_rows": 349,
  "train_rows": 19959,
  "test_rows": 471,
  "metrics": {
    "mae": 1.4147344673600206,
    "rmse": 1.9768455791108894,
    "r2": 0.8440311185174381
  },
  "baseline_metrics": {
    "mae": 1.7514468976667814,
    "rmse": 2.6128474624340043,
    "r2": 0.7275288160245403
  },
  "validation_metrics": {
    "mae": 3.627212219579616,
    "rmse": 5.591167480790807,
    "r2": 0.8169939782389244
  },
  "validation_baseline_metrics": {
    "mae": 4.19398220627165,
    "rmse": 6.466768537605675,
    "r2": 0.7551866985664781
  },
  "beats_baseline_mae": true
}