{
  "intercept": 54.144947407332744,
  "coefficients": [
    0.3323912272459713,
    -1.770840116199683,
    2.4481380418821863,
    1.6377597838794826,
    -1.18706408315601,
    -9.85250456147771,
    -7.8763593748219645,
    0.6663488428390238,
    23.08003677764939,
    2.896394731520108,
    -7.405149069233946,
    -0.6868718871142984,
    -0.3847414459659287,
    0.8665011373278415,
    -3.757447673273817
  ],
  "feature_means": {
    "SO2_current": 3.331122088920254,
    "NO2_current": 11.197412373559162,
    "O3_current": 54.341804256141415,
    "PM10_current": 15.03577975543162,
    "PM2.5_current": 9.911156969158775,
    "O3_lag_8h": 54.26532085167636,
    "O3_lag_24h": 54.37138329076632,
    "O3_lag_48h": 54.40966251918316,
    "O3_rolling_24h": 54.27466314704876,
    "hour_sin": -0.0033476799792454886,
    "hour_cos": 0.006786936694549818,
    "dow_sin": -0.008779066624956632,
    "dow_cos": 0.009929530058853418,
    "month_sin": -0.006329425536517771,
    "month_cos": -0.05072298889906769
  },
  "feature_stds": {
    "SO2_current": 0.6912444519547256,
    "NO2_current": 11.670110421920967,
    "O3_current": 23.111969328224845,
    "PM10_current": 7.662081664661421,
    "PM2.5_current": 5.978122297895496,
    "O3_lag_8h": 23.073665393195462,
    "O3_lag_24h": 23.105775211897097,
    "O3_lag_48h": 23.100455401184448,
    "O3_rolling_24h": 17.701084133885693,
    "hour_sin": 0.7073637700858731,
    "hour_cos": 0.7068424680022217,
    "dow_sin": 0.7087827241266408,
    "dow_cos": 0.7053356818590292,
    "month_sin": 0.7231729619351462,
    "month_cos": 0.6888068749122681
  },
  "feature_lower_bounds": {
    "SO2_current": 3.0,
    "NO2_current": 1.0,
    "O3_current": 2.25,
    "PM10_current": 2.4166666666666665,
    "PM2.5_current": 1.125,
    "O3_lag_8h": 2.25,
    "O3_lag_24h": 2.1587499999999995,
    "O3_lag_48h": 2.1587499999999995,
    "O3_rolling_24h": 10.405677083333334,
    "hour_sin": -1.0,
    "hour_cos": -1.0,
    "dow_sin": -0.9749279121818236,
    "dow_cos": -0.9009688679024191,
    "month_sin": -1.0,
    "month_cos": -1.0
  },
  "feature_upper_bounds": {
    "SO2_current": 6.0,
    "NO2_current": 64.0,
    "O3_current": 109.59124999999995,
    "PM10_current": 46.23874999999998,
    "PM2.5_current": 38.125,
    "O3_lag_8h": 109.59124999999995,
    "O3_lag_24h": 109.80749999999989,
    "O3_lag_48h": 110.30749999999989,
    "O3_rolling_24h": 93.01116071428572,
    "hour_sin": 1.0,
    "hour_cos": 1.0,
    "dow_sin": 0.9749279121818236,
    "dow_cos": 1.0,
    "month_sin": 1.0,
    "month_cos": 1.0
  },
  "model_type": "ridge_numpy_winsorized",
  "station": "València - Politècnic",
  "pollutant": "O3",
  "horizon_hours": 8,
  "target_window_hours": 8,
  "alpha": 5.0,
  "feature_clip_quantile": 0.005,
  "feature_names": [
    "SO2_current",
    "NO2_current",
    "O3_current",
    "PM10_current",
    "PM2.5_current",
    "O3_lag_8h",
    "O3_lag_24h",
    "O3_lag_48h",
    "O3_rolling_24h",
    "hour_sin",
    "hour_cos",
    "dow_sin",
    "dow_cos",
    "month_sin",
    "month_cos"
  ],
  "selected_strategy": "ridge",
  "trained_at_utc": "2026-06-23T13:42:17+00:00",
  "source_file": "data/time/filtrado_València - Politècnic.csv",
  "source_start": "2019-01-01 00:00:00",
  "source_end": "2025-01-31 23:00:00",
  "selection_train_start": "2022-02-01 23:00:00",
  "selection_train_end": "2024-11-30 14:00:00",
  "validation_start": "2024-11-30 23:00:00",
  "validation_end": "2024-12-31 14:00:00",
  "train_start": "2022-02-01 23:00:00",
  "train_end": "2024-12-31 14:00:00",
  "test_start": "2024-12-31 23:00:00",
  "test_end": "2025-01-31 15:00:00",
  "selection_train_rows": 20521,
  "validation_rows": 734,
  "train_rows": 21255,
  "test_rows": 702,
  "metrics": {
    "mae": 10.324160304131754,
    "rmse": 12.809545543856144,
    "r2": 0.2937657304060233
  },
  "baseline_metrics": {
    "mae": 10.070911341744674,
    "rmse": 13.312944264020656,
    "r2": 0.2371668267523258
  },
  "validation_metrics": {
    "mae": 10.09145261422231,
    "rmse": 12.759286733222691,
    "r2": 0.18332131581756406
  },
  "validation_baseline_metrics": {
    "mae": 12.052476644608797,
    "rmse": 14.910332798761328,
    "r2": -0.11525222909792365
  },
  "beats_baseline_mae": false
}