{
  "intercept": 3.4933276668083297,
  "coefficients": [
    0.2839315923576251,
    -0.03955225064049331,
    0.02168826773800438,
    -0.02309040039833746,
    0.21348407974256575,
    0.10957890260192618,
    0.0028002905672990554,
    0.04323959612128701,
    -0.03592641270261609,
    0.015183511877536544,
    0.021318937175129046,
    -0.015114994415383583,
    0.07014993921925228
  ],
  "feature_means": {
    "SO2_current": 3.4865703357416065,
    "NO2_current": 15.174453463663406,
    "O3_current": 55.98231386477242,
    "SO2_lag_8h": 3.4973650658733533,
    "SO2_lag_24h": 3.4891627709307267,
    "SO2_lag_48h": 3.4885677858053548,
    "SO2_rolling_24h": 3.498917313075456,
    "hour_sin": -0.013515819933265854,
    "hour_cos": 0.018965313377124083,
    "dow_sin": -0.011317448688073925,
    "dow_cos": -0.0044304361071704846,
    "month_sin": -0.023456084455419777,
    "month_cos": -0.04153333063606236
  },
  "feature_stds": {
    "SO2_current": 1.0003666340114576,
    "NO2_current": 13.01516316827408,
    "O3_current": 24.16532199666581,
    "SO2_lag_8h": 1.0111860366171117,
    "SO2_lag_24h": 1.0007378914410363,
    "SO2_lag_48h": 1.003911444490929,
    "SO2_rolling_24h": 0.6780636278436867,
    "hour_sin": 0.7060711358489666,
    "hour_cos": 0.7077878695725035,
    "dow_sin": 0.7076160175110299,
    "dow_cos": 0.7065227192516921,
    "month_sin": 0.7095534574676003,
    "month_cos": 0.70306549452372
  },
  "feature_lower_bounds": {
    "SO2_current": 3.0,
    "NO2_current": 2.0,
    "O3_current": 4.75,
    "SO2_lag_8h": 3.0,
    "SO2_lag_24h": 3.0,
    "SO2_lag_48h": 3.0,
    "SO2_rolling_24h": 3.0,
    "hour_sin": -1.0,
    "hour_cos": -1.0,
    "dow_sin": -0.9749279121818236,
    "dow_cos": -0.9009688679024191,
    "month_sin": -1.0,
    "month_cos": -1.0
  },
  "feature_upper_bounds": {
    "SO2_current": 8.0,
    "NO2_current": 66.35499999999956,
    "O3_current": 107.75,
    "SO2_lag_8h": 8.0,
    "SO2_lag_24h": 8.0,
    "SO2_lag_48h": 8.0,
    "SO2_rolling_24h": 6.264791666666649,
    "hour_sin": 1.0,
    "hour_cos": 1.0,
    "dow_sin": 0.9749279121818236,
    "dow_cos": 1.0,
    "month_sin": 1.0,
    "month_cos": 1.0
  },
  "model_type": "ridge_numpy_winsorized",
  "station": "València - Vivers",
  "pollutant": "SO2",
  "horizon_hours": 24,
  "target_window_hours": 1,
  "alpha": 5.0,
  "feature_clip_quantile": 0.005,
  "feature_names": [
    "SO2_current",
    "NO2_current",
    "O3_current",
    "SO2_lag_8h",
    "SO2_lag_24h",
    "SO2_lag_48h",
    "SO2_rolling_24h",
    "hour_sin",
    "hour_cos",
    "dow_sin",
    "dow_cos",
    "month_sin",
    "month_cos"
  ],
  "selected_strategy": "persistence",
  "trained_at_utc": "2026-06-23T13:42:17+00:00",
  "source_file": "data/time/filtrado_València - Vivers.csv",
  "source_start": "2019-01-01 00:00:00",
  "source_end": "2025-01-31 23:00:00",
  "selection_train_start": "2022-02-01 23:00:00",
  "selection_train_end": "2024-11-29 22:00:00",
  "validation_start": "2024-11-30 23:00:00",
  "validation_end": "2024-12-30 22:00:00",
  "train_start": "2022-02-01 23:00:00",
  "train_end": "2024-12-30 22:00:00",
  "test_start": "2024-12-31 23:00:00",
  "test_end": "2025-01-30 23:00:00",
  "selection_train_rows": 22830,
  "validation_rows": 700,
  "train_rows": 23530,
  "test_rows": 713,
  "metrics": {
    "mae": 0.4682398934337743,
    "rmse": 0.7400567606834484,
    "r2": 0.158387626084447
  },
  "baseline_metrics": {
    "mae": 0.2776998597475456,
    "rmse": 0.8273040417885116,
    "r2": -0.05174957076874742
  },
  "validation_metrics": {
    "mae": 0.6624951020801356,
    "rmse": 1.2803269129864103,
    "r2": 0.1828961766466849
  },
  "validation_baseline_metrics": {
    "mae": 0.5471428571428572,
    "rmse": 1.305482942931739,
    "r2": 0.15047160982120344
  },
  "beats_baseline_mae": false
}