{
  "intercept": 17.52014846235419,
  "coefficients": [
    -0.19397469009964788,
    5.40813771874481,
    -0.4883041841199935,
    -0.7859447695678314,
    0.1498748883680066,
    -0.3573684057951509,
    1.283430645918248,
    2.202749292003073,
    0.23376904267573154,
    -0.9015905084064489,
    -0.8153743121572768,
    1.4549054172649012,
    1.4721388747982889,
    0.8667727846508076,
    1.1080387844756685
  ],
  "feature_means": {
    "SO2_current": 3.6639271827500886,
    "NO2_current": 17.46712619300106,
    "O3_current": 50.75424311499521,
    "PM10_current": 16.233511410045214,
    "PM2.5_current": 8.1888634355611,
    "NO2_lag_8h": 17.603216684340758,
    "NO2_lag_24h": 17.40641569459173,
    "NO2_lag_48h": 17.390729939908095,
    "NO2_rolling_24h": 17.530889456701363,
    "hour_sin": -0.009288434691440126,
    "hour_cos": 0.00846621729516726,
    "dow_sin": -0.011033029883286812,
    "dow_cos": 0.004371517884064155,
    "month_sin": -0.03346919921917364,
    "month_cos": -0.01203239837745523
  },
  "feature_stds": {
    "SO2_current": 1.2916017849442796,
    "NO2_current": 14.434984098902659,
    "O3_current": 22.382270253676314,
    "PM10_current": 9.660092402010545,
    "PM2.5_current": 6.304832852732516,
    "NO2_lag_8h": 14.428516566538526,
    "NO2_lag_24h": 14.384611615223088,
    "NO2_lag_48h": 14.332954992982616,
    "NO2_rolling_24h": 9.356669901158018,
    "hour_sin": 0.7054414214157724,
    "hour_cos": 0.7086879632772559,
    "dow_sin": 0.7077895211565594,
    "dow_cos": 0.7063549651397113,
    "month_sin": 0.7174866875998642,
    "month_cos": 0.6956953489075551
  },
  "feature_lower_bounds": {
    "SO2_current": 3.0,
    "NO2_current": 1.0,
    "O3_current": 3.019375,
    "PM10_current": 3.25,
    "PM2.5_current": 1.0,
    "NO2_lag_8h": 1.0,
    "NO2_lag_24h": 1.0,
    "NO2_lag_48h": 1.0,
    "NO2_rolling_24h": 3.0416666666666665,
    "hour_sin": -1.0,
    "hour_cos": -1.0,
    "dow_sin": -0.9749279121818236,
    "dow_cos": -0.9009688679024191,
    "month_sin": -1.0,
    "month_cos": -1.0
  },
  "feature_upper_bounds": {
    "SO2_current": 10.0,
    "NO2_current": 70.0,
    "O3_current": 104.625,
    "PM10_current": 55.502916666666955,
    "PM2.5_current": 33.458333333333336,
    "NO2_lag_8h": 70.0,
    "NO2_lag_24h": 70.0,
    "NO2_lag_48h": 69.0,
    "NO2_rolling_24h": 51.777554347826126,
    "hour_sin": 1.0,
    "hour_cos": 1.0,
    "dow_sin": 0.9749279121818236,
    "dow_cos": 1.0,
    "month_sin": 1.0,
    "month_cos": 1.0
  },
  "model_type": "ridge_numpy_winsorized",
  "station": "València - Pista de Silla",
  "pollutant": "NO2",
  "horizon_hours": 24,
  "target_window_hours": 1,
  "alpha": 5.0,
  "feature_clip_quantile": 0.005,
  "feature_names": [
    "SO2_current",
    "NO2_current",
    "O3_current",
    "PM10_current",
    "PM2.5_current",
    "NO2_lag_8h",
    "NO2_lag_24h",
    "NO2_lag_48h",
    "NO2_rolling_24h",
    "hour_sin",
    "hour_cos",
    "dow_sin",
    "dow_cos",
    "month_sin",
    "month_cos"
  ],
  "selected_strategy": "ridge",
  "trained_at_utc": "2026-06-23T13:42:17+00:00",
  "source_file": "data/time/filtrado_València - Pista de Silla.csv",
  "source_start": "2019-01-01 00:00:00",
  "source_end": "2025-01-31 23:00:00",
  "selection_train_start": "2022-02-01 23:00:00",
  "selection_train_end": "2024-11-29 17:00:00",
  "validation_start": "2024-12-04 14:00:00",
  "validation_end": "2024-12-30 22:00:00",
  "train_start": "2022-02-01 23:00:00",
  "train_end": "2024-12-30 22:00:00",
  "test_start": "2024-12-31 23:00:00",
  "test_end": "2025-01-30 23:00:00",
  "selection_train_rows": 22222,
  "validation_rows": 410,
  "train_rows": 22632,
  "test_rows": 701,
  "metrics": {
    "mae": 11.088405621700408,
    "rmse": 13.683100287362604,
    "r2": 0.32729737983534146
  },
  "baseline_metrics": {
    "mae": 10.60485021398003,
    "rmse": 15.599480586839185,
    "r2": 0.12567202336548633
  },
  "validation_metrics": {
    "mae": 11.86410225329081,
    "rmse": 14.57887116933219,
    "r2": 0.39832348691958874
  },
  "validation_baseline_metrics": {
    "mae": 12.734146341463415,
    "rmse": 17.786744859105806,
    "r2": 0.1044121085433829
  },
  "beats_baseline_mae": false
}