{
  "intercept": 53.713205288066426,
  "coefficients": [
    0.47946138226349816,
    -3.1074722166810513,
    2.615481269877418,
    1.229004662697312,
    -1.1439019571381743,
    -10.39569752034095,
    -7.957123105154991,
    0.23083217360695296,
    22.145847900186542,
    3.183569047509525,
    -7.311074243117327,
    -0.5082878969956722,
    -0.4029965499598356,
    0.840871590481133,
    -4.178364656429689
  ],
  "feature_means": {
    "SO2_current": 3.5077861535409642,
    "NO2_current": 16.481204126165444,
    "O3_current": 53.861971531359515,
    "PM10_current": 13.605847015537147,
    "PM2.5_current": 9.358989592778086,
    "O3_lag_8h": 53.80199005063243,
    "O3_lag_24h": 53.880726372613616,
    "O3_lag_48h": 53.8613783640812,
    "O3_rolling_24h": 53.77061901362203,
    "hour_sin": -0.00447700811788663,
    "hour_cos": 0.007019664081999774,
    "dow_sin": -0.01782134446897354,
    "dow_cos": 0.006219674743822338,
    "month_sin": 0.022139701211721513,
    "month_cos": -0.029688595075542633
  },
  "feature_stds": {
    "SO2_current": 0.9964420555249015,
    "NO2_current": 12.814285606540826,
    "O3_current": 23.662092351854056,
    "PM10_current": 9.20546763986976,
    "PM2.5_current": 7.417794711083813,
    "O3_lag_8h": 23.616604582784603,
    "O3_lag_24h": 23.60872643941298,
    "O3_lag_48h": 23.717027427515827,
    "O3_rolling_24h": 17.711714266557504,
    "hour_sin": 0.7071236078836839,
    "hour_cos": 0.7070760045740243,
    "dow_sin": 0.7076043167092437,
    "dow_cos": 0.7063918349088808,
    "month_sin": 0.7029164024230242,
    "month_cos": 0.7103425088836304
  },
  "feature_lower_bounds": {
    "SO2_current": 3.0,
    "NO2_current": 1.0,
    "O3_current": 5.0,
    "PM10_current": 1.625,
    "PM2.5_current": 1.0,
    "O3_lag_8h": 5.476875,
    "O3_lag_24h": 5.625,
    "O3_lag_48h": 6.0,
    "O3_rolling_24h": 12.645260416666666,
    "hour_sin": -1.0,
    "hour_cos": -1.0,
    "dow_sin": -0.9749279121818236,
    "dow_cos": -0.9009688679024191,
    "month_sin": -1.0,
    "month_cos": -1.0
  },
  "feature_upper_bounds": {
    "SO2_current": 9.0,
    "NO2_current": 63.0,
    "O3_current": 109.02312500000016,
    "PM10_current": 46.291666666666664,
    "PM2.5_current": 40.00770833333339,
    "O3_lag_8h": 108.77312500000016,
    "O3_lag_24h": 108.89812500000016,
    "O3_lag_48h": 109.375,
    "O3_rolling_24h": 95.41067708333341,
    "hour_sin": 1.0,
    "hour_cos": 1.0,
    "dow_sin": 0.9749279121818236,
    "dow_cos": 1.0,
    "month_sin": 1.0,
    "month_cos": 1.0
  },
  "model_type": "ridge_numpy_winsorized",
  "station": "València - Molí del Sol",
  "pollutant": "O3",
  "horizon_hours": 8,
  "target_window_hours": 8,
  "alpha": 5.0,
  "feature_clip_quantile": 0.005,
  "feature_names": [
    "SO2_current",
    "NO2_current",
    "O3_current",
    "PM10_current",
    "PM2.5_current",
    "O3_lag_8h",
    "O3_lag_24h",
    "O3_lag_48h",
    "O3_rolling_24h",
    "hour_sin",
    "hour_cos",
    "dow_sin",
    "dow_cos",
    "month_sin",
    "month_cos"
  ],
  "selected_strategy": "ridge",
  "trained_at_utc": "2026-06-23T13:42:17+00:00",
  "source_file": "data/time/filtrado_València - Molí del Sol.csv",
  "source_start": "2019-01-01 00:00:00",
  "source_end": "2025-01-31 23:00:00",
  "selection_train_start": "2022-02-01 23:00:00",
  "selection_train_end": "2024-11-30 14:00:00",
  "validation_start": "2024-11-30 23:00:00",
  "validation_end": "2024-12-23 05:00:00",
  "train_start": "2022-02-01 23:00:00",
  "train_end": "2024-12-23 05:00:00",
  "test_start": "2025-01-05 14:00:00",
  "test_end": "2025-01-31 15:00:00",
  "selection_train_rows": 19811,
  "validation_rows": 353,
  "train_rows": 20164,
  "test_rows": 483,
  "metrics": {
    "mae": 10.230700161664899,
    "rmse": 12.715752208415568,
    "r2": 0.42326377201329834
  },
  "baseline_metrics": {
    "mae": 9.10045104998521,
    "rmse": 11.728769229292581,
    "r2": 0.5093203995738429
  },
  "validation_metrics": {
    "mae": 11.062218473138671,
    "rmse": 14.605697778536191,
    "r2": 0.1877328605202293
  },
  "validation_baseline_metrics": {
    "mae": 14.232446377984623,
    "rmse": 18.001114043481163,
    "r2": -0.23382348015928978
  },
  "beats_baseline_mae": false
}