{
  "intercept": 9.383757117316634,
  "coefficients": [
    -0.02167616657443501,
    0.3413438144367367,
    0.07517124400225336,
    -0.38847687746260745,
    12.108600638010977,
    -0.08762024580786726,
    3.1162878714054556,
    -0.2036860703033561,
    -7.3346026063017264,
    0.03012169185226896,
    -0.019406569082679615,
    0.0004020256313706619,
    -0.0004893893582267053,
    -0.0348533709517095,
    0.034375260270354924
  ],
  "feature_means": {
    "SO2_current": 3.4996743323813817,
    "NO2_current": 16.538854652036676,
    "O3_current": 53.798130512789314,
    "PM10_current": 13.570560571040524,
    "PM2.5_current": 9.374762886127558,
    "PM2.5_lag_8h": 9.361183868567428,
    "PM2.5_lag_24h": 9.334932595608693,
    "PM2.5_lag_48h": 9.296220166699959,
    "PM2.5_rolling_24h": 9.35874329000295,
    "hour_sin": -0.001212821278623791,
    "hour_cos": 0.0025595405666065277,
    "dow_sin": -0.01174629110025238,
    "dow_cos": 0.009072125518865003,
    "month_sin": 0.033951229689769616,
    "month_cos": -0.026734700694584754
  },
  "feature_stds": {
    "SO2_current": 0.9878444468262381,
    "NO2_current": 12.834621485618214,
    "O3_current": 23.673362329291933,
    "PM10_current": 9.1260044868058,
    "PM2.5_current": 7.419810882420353,
    "PM2.5_lag_8h": 7.404595746597249,
    "PM2.5_lag_24h": 7.3863059245246845,
    "PM2.5_lag_48h": 7.309797641467721,
    "PM2.5_rolling_24h": 7.240007000731458,
    "hour_sin": 0.7072007932229116,
    "hour_cos": 0.7070425168973511,
    "dow_sin": 0.7078381752151393,
    "dow_cos": 0.7062541561477245,
    "month_sin": 0.7007895544369703,
    "month_cos": 0.7120930991283518
  },
  "feature_lower_bounds": {
    "SO2_current": 3.0,
    "NO2_current": 1.0,
    "O3_current": 4.75,
    "PM10_current": 1.625,
    "PM2.5_current": 1.0,
    "PM2.5_lag_8h": 1.0,
    "PM2.5_lag_24h": 1.0,
    "PM2.5_lag_48h": 1.0416666666666667,
    "PM2.5_rolling_24h": 1.0274131944444436,
    "hour_sin": -1.0,
    "hour_cos": -1.0,
    "dow_sin": -0.9749279121818236,
    "dow_cos": -0.9009688679024191,
    "month_sin": -1.0,
    "month_cos": -1.0
  },
  "feature_upper_bounds": {
    "SO2_current": 9.0,
    "NO2_current": 63.0,
    "O3_current": 109.15124999999989,
    "PM10_current": 46.30041666666663,
    "PM2.5_current": 40.041666666666664,
    "PM2.5_lag_8h": 40.05511904761902,
    "PM2.5_lag_24h": 40.17541666666663,
    "PM2.5_lag_48h": 40.17541666666663,
    "PM2.5_rolling_24h": 39.20001736111111,
    "hour_sin": 1.0,
    "hour_cos": 1.0,
    "dow_sin": 0.9749279121818236,
    "dow_cos": 1.0,
    "month_sin": 1.0,
    "month_cos": 1.0
  },
  "model_type": "ridge_numpy_winsorized",
  "station": "València - Molí del Sol",
  "pollutant": "PM2.5",
  "horizon_hours": 8,
  "target_window_hours": 24,
  "alpha": 5.0,
  "feature_clip_quantile": 0.005,
  "feature_names": [
    "SO2_current",
    "NO2_current",
    "O3_current",
    "PM10_current",
    "PM2.5_current",
    "PM2.5_lag_8h",
    "PM2.5_lag_24h",
    "PM2.5_lag_48h",
    "PM2.5_rolling_24h",
    "hour_sin",
    "hour_cos",
    "dow_sin",
    "dow_cos",
    "month_sin",
    "month_cos"
  ],
  "selected_strategy": "ridge",
  "trained_at_utc": "2026-06-23T13:42:17+00:00",
  "source_file": "data/time/filtrado_València - Molí del Sol.csv",
  "source_start": "2019-01-01 00:00:00",
  "source_end": "2025-01-31 23:00:00",
  "selection_train_start": "2022-02-01 23:00:00",
  "selection_train_end": "2024-11-30 14:00:00",
  "validation_start": "2024-11-30 23:00:00",
  "validation_end": "2024-12-23 09:00:00",
  "train_start": "2022-02-01 23:00:00",
  "train_end": "2024-12-23 09:00:00",
  "test_start": "2025-01-06 02:00:00",
  "test_end": "2025-01-31 15:00:00",
  "selection_train_rows": 19610,
  "validation_rows": 349,
  "train_rows": 19959,
  "test_rows": 471,
  "metrics": {
    "mae": 0.682223207624334,
    "rmse": 1.0296354243173105,
    "r2": 0.9259211945780611
  },
  "baseline_metrics": {
    "mae": 0.8735436614832903,
    "rmse": 1.4089762116968594,
    "r2": 0.8612815140140988
  },
  "validation_metrics": {
    "mae": 2.2067395002888412,
    "rmse": 2.8969278549033874,
    "r2": 0.9281038060341753
  },
  "validation_baseline_metrics": {
    "mae": 2.490728478954728,
    "rmse": 3.20421756052755,
    "r2": 0.9120421645180262
  },
  "beats_baseline_mae": true
}