{
  "intercept": 53.21035705762527,
  "coefficients": [
    -0.08573510241414048,
    0.3150259006540628,
    10.480043656639179,
    0.6973501441755805,
    -0.5615656472318261,
    0.33004717140689843,
    2.2154173835916993,
    2.615063410754886,
    -0.20645903182587416,
    -2.516493599285656,
    1.8460269082670389,
    -0.706691376777514,
    -1.2055357447028319,
    0.5154933626583459,
    -4.878215510820437
  ],
  "feature_means": {
    "SO2_current": 3.460220153928763,
    "NO2_current": 14.154286737068194,
    "O3_current": 53.17277379673903,
    "PM10_current": 19.358490391033012,
    "PM2.5_current": 9.754426302994469,
    "O3_lag_8h": 53.117057454805796,
    "O3_lag_24h": 53.295896106608026,
    "O3_lag_48h": 53.312119919114956,
    "O3_rolling_24h": 53.19539774415499,
    "hour_sin": -0.0029199256640896148,
    "hour_cos": 0.0043559929347494536,
    "dow_sin": -0.005984276324043847,
    "dow_cos": -0.0013882123072002555,
    "month_sin": 0.04822202946012628,
    "month_cos": -0.03319888619971328
  },
  "feature_stds": {
    "SO2_current": 0.7444740029074081,
    "NO2_current": 12.91729775017291,
    "O3_current": 23.114196914272263,
    "PM10_current": 11.509059363748062,
    "PM2.5_current": 6.783578549582651,
    "O3_lag_8h": 23.085956023307297,
    "O3_lag_24h": 23.059945487578595,
    "O3_lag_48h": 23.058965165838632,
    "O3_rolling_24h": 19.02989538318309,
    "hour_sin": 0.7078610084406162,
    "hour_cos": 0.7063639568906439,
    "dow_sin": 0.7091596924136366,
    "dow_cos": 0.7050528625616789,
    "month_sin": 0.7036026796214242,
    "month_cos": 0.708209244798087
  },
  "feature_lower_bounds": {
    "SO2_current": 3.0,
    "NO2_current": 1.0,
    "O3_current": 4.375,
    "PM10_current": 2.625,
    "PM2.5_current": 1.5,
    "O3_lag_8h": 4.5,
    "O3_lag_24h": 4.5,
    "O3_lag_48h": 4.375,
    "O3_rolling_24h": 11.262239583333333,
    "hour_sin": -1.0,
    "hour_cos": -1.0,
    "dow_sin": -0.9749279121818236,
    "dow_cos": -0.9009688679024191,
    "month_sin": -1.0,
    "month_cos": -1.0
  },
  "feature_upper_bounds": {
    "SO2_current": 7.0,
    "NO2_current": 71.0,
    "O3_current": 107.125,
    "PM10_current": 61.147083333333285,
    "PM2.5_current": 39.12973214285714,
    "O3_lag_8h": 107.125,
    "O3_lag_24h": 107.40812499999993,
    "O3_lag_48h": 107.5,
    "O3_rolling_24h": 95.16729166666664,
    "hour_sin": 1.0,
    "hour_cos": 1.0,
    "dow_sin": 0.9749279121818236,
    "dow_cos": 1.0,
    "month_sin": 1.0,
    "month_cos": 1.0
  },
  "model_type": "ridge_numpy_winsorized",
  "station": "València - Av. França",
  "pollutant": "O3",
  "horizon_hours": 24,
  "target_window_hours": 8,
  "alpha": 5.0,
  "feature_clip_quantile": 0.005,
  "feature_names": [
    "SO2_current",
    "NO2_current",
    "O3_current",
    "PM10_current",
    "PM2.5_current",
    "O3_lag_8h",
    "O3_lag_24h",
    "O3_lag_48h",
    "O3_rolling_24h",
    "hour_sin",
    "hour_cos",
    "dow_sin",
    "dow_cos",
    "month_sin",
    "month_cos"
  ],
  "selected_strategy": "ridge",
  "trained_at_utc": "2026-06-23T13:42:17+00:00",
  "source_file": "data/time/filtrado_València - Av. França.csv",
  "source_start": "2019-01-01 00:00:00",
  "source_end": "2025-01-31 23:00:00",
  "selection_train_start": "2022-02-01 23:00:00",
  "selection_train_end": "2024-11-29 22:00:00",
  "validation_start": "2024-11-30 23:00:00",
  "validation_end": "2024-12-30 22:00:00",
  "train_start": "2022-02-01 23:00:00",
  "train_end": "2024-12-30 22:00:00",
  "test_start": "2024-12-31 23:00:00",
  "test_end": "2025-01-30 23:00:00",
  "selection_train_rows": 21697,
  "validation_rows": 651,
  "train_rows": 22348,
  "test_rows": 682,
  "metrics": {
    "mae": 11.82108394003845,
    "rmse": 14.7579467145606,
    "r2": 0.25704357331008776
  },
  "baseline_metrics": {
    "mae": 13.574614229856165,
    "rmse": 16.752910474227516,
    "r2": 0.04260313014621597
  },
  "validation_metrics": {
    "mae": 11.085181356682359,
    "rmse": 14.652188167341171,
    "r2": 0.0751373142996139
  },
  "validation_baseline_metrics": {
    "mae": 13.333424767756563,
    "rmse": 17.73387960410414,
    "r2": -0.35481437046336817
  },
  "beats_baseline_mae": true
}