{
  "intercept": 8.146634697030864,
  "coefficients": [
    -0.023010749528606746,
    0.27391505181436554,
    0.028962679695999728,
    -0.3144405224674516,
    9.924511383739118,
    -0.025507259801776722,
    2.422124971286977,
    -0.09343821587952743,
    -5.837136905602824,
    0.05090848342480504,
    0.0466601318436489,
    0.05362385160828203,
    0.010655514198029362,
    -0.0695563174817622,
    0.08778938322724286
  ],
  "feature_means": {
    "SO2_current": 3.664067264964712,
    "NO2_current": 17.446240306700357,
    "O3_current": 50.88593050490214,
    "PM10_current": 16.221569840995823,
    "PM2.5_current": 8.136246957600534,
    "PM2.5_lag_8h": 8.137937962682075,
    "PM2.5_lag_24h": 8.14179206942225,
    "PM2.5_lag_48h": 8.172896366341817,
    "PM2.5_rolling_24h": 8.139507782820257,
    "hour_sin": -0.0031157011299228687,
    "hour_cos": 0.0023944979270033783,
    "dow_sin": -0.008431510109752328,
    "dow_cos": 0.007620493914235075,
    "month_sin": -0.031140454918188454,
    "month_cos": -0.0153188171652445
  },
  "feature_stds": {
    "SO2_current": 1.2930450252034786,
    "NO2_current": 14.35721945165161,
    "O3_current": 22.276394983622364,
    "PM10_current": 9.685030932768683,
    "PM2.5_current": 6.3007803955661466,
    "PM2.5_lag_8h": 6.29392038170568,
    "PM2.5_lag_24h": 6.30098843823492,
    "PM2.5_lag_48h": 6.3155128461241405,
    "PM2.5_rolling_24h": 6.158716875400471,
    "hour_sin": 0.7067759637819027,
    "hour_cos": 0.7074573219800798,
    "dow_sin": 0.7075022098066643,
    "dow_cos": 0.706650566044375,
    "month_sin": 0.719626424461127,
    "month_cos": 0.6935250031129938
  },
  "feature_lower_bounds": {
    "SO2_current": 3.0,
    "NO2_current": 1.0,
    "O3_current": 3.125,
    "PM10_current": 3.25,
    "PM2.5_current": 1.0,
    "PM2.5_lag_8h": 1.0,
    "PM2.5_lag_24h": 1.0,
    "PM2.5_lag_48h": 1.0,
    "PM2.5_rolling_24h": 1.0190972222222217,
    "hour_sin": -1.0,
    "hour_cos": -1.0,
    "dow_sin": -0.9749279121818236,
    "dow_cos": -0.9009688679024191,
    "month_sin": -1.0,
    "month_cos": -1.0
  },
  "feature_upper_bounds": {
    "SO2_current": 10.0,
    "NO2_current": 70.0,
    "O3_current": 104.625,
    "PM10_current": 55.25979166666669,
    "PM2.5_current": 33.42645833333336,
    "PM2.5_lag_8h": 33.19179347826091,
    "PM2.5_lag_24h": 33.42645833333336,
    "PM2.5_lag_48h": 33.42645833333336,
    "PM2.5_rolling_24h": 32.21634435386474,
    "hour_sin": 1.0,
    "hour_cos": 1.0,
    "dow_sin": 0.9749279121818236,
    "dow_cos": 1.0,
    "month_sin": 1.0,
    "month_cos": 1.0
  },
  "model_type": "ridge_numpy_winsorized",
  "station": "València - Pista de Silla",
  "pollutant": "PM2.5",
  "horizon_hours": 8,
  "target_window_hours": 24,
  "alpha": 5.0,
  "feature_clip_quantile": 0.005,
  "feature_names": [
    "SO2_current",
    "NO2_current",
    "O3_current",
    "PM10_current",
    "PM2.5_current",
    "PM2.5_lag_8h",
    "PM2.5_lag_24h",
    "PM2.5_lag_48h",
    "PM2.5_rolling_24h",
    "hour_sin",
    "hour_cos",
    "dow_sin",
    "dow_cos",
    "month_sin",
    "month_cos"
  ],
  "selected_strategy": "ridge",
  "trained_at_utc": "2026-06-23T13:42:17+00:00",
  "source_file": "data/time/filtrado_València - Pista de Silla.csv",
  "source_start": "2019-01-01 00:00:00",
  "source_end": "2025-01-31 23:00:00",
  "selection_train_start": "2022-02-01 23:00:00",
  "selection_train_end": "2024-11-29 09:00:00",
  "validation_start": "2024-12-06 14:00:00",
  "validation_end": "2024-12-31 14:00:00",
  "train_start": "2022-02-01 23:00:00",
  "train_end": "2024-12-31 14:00:00",
  "test_start": "2024-12-31 23:00:00",
  "test_end": "2025-01-31 15:00:00",
  "selection_train_rows": 22622,
  "validation_rows": 332,
  "train_rows": 22954,
  "test_rows": 733,
  "metrics": {
    "mae": 1.1428016170061213,
    "rmse": 1.7345305498640324,
    "r2": 0.9236006902890429
  },
  "baseline_metrics": {
    "mae": 1.487537678822749,
    "rmse": 2.282197776159117,
    "r2": 0.8677389142482455
  },
  "validation_metrics": {
    "mae": 0.7048405222843904,
    "rmse": 0.9623643792305242,
    "r2": 0.9614342730258465
  },
  "validation_baseline_metrics": {
    "mae": 0.8885468444155136,
    "rmse": 1.1612329620822177,
    "r2": 0.9438485270814956
  },
  "beats_baseline_mae": true
}