{
  "intercept": 3.5287732206931013,
  "coefficients": [
    0.07306352114463785,
    -0.002477363264286399,
    -0.050484794067324784,
    -0.12365632197808304,
    -0.05330155339277543,
    0.045984936525333885,
    0.8604460801272497,
    -0.06163445547835237,
    0.16082400652834064,
    -0.00858381769111529,
    -0.002592110545455397,
    0.05649109847966373,
    -0.020130450980298593
  ],
  "feature_means": {
    "SO2_current": 3.5015669709769726,
    "NO2_current": 17.445428532497615,
    "O3_current": 50.73590023509972,
    "SO2_lag_8h": 3.5092882772403144,
    "SO2_lag_24h": 3.496570831630104,
    "SO2_lag_48h": 3.4990234818549304,
    "SO2_rolling_24h": 3.5138376806168905,
    "hour_sin": -0.007003752487825772,
    "hour_cos": 0.0036595191753440648,
    "dow_sin": -0.012125363365440033,
    "dow_cos": -0.0026434433457102383,
    "month_sin": -0.007496830342889594,
    "month_cos": 0.02220691213373203
  },
  "feature_stds": {
    "SO2_current": 1.1979003694869415,
    "NO2_current": 15.590850301278888,
    "O3_current": 24.743843915534004,
    "SO2_lag_8h": 1.2112142275202076,
    "SO2_lag_24h": 1.192538101998302,
    "SO2_lag_48h": 1.1969526814012763,
    "SO2_rolling_24h": 0.9606704433837038,
    "hour_sin": 0.7076958411507042,
    "hour_cos": 0.7065051807763433,
    "dow_sin": 0.7089275943709954,
    "dow_cos": 0.7052042741122454,
    "month_sin": 0.7168282761862634,
    "month_cos": 0.6968882762735786
  },
  "feature_lower_bounds": {
    "SO2_current": 3.0,
    "NO2_current": 1.0,
    "O3_current": 1.5,
    "SO2_lag_8h": 3.0,
    "SO2_lag_24h": 3.0,
    "SO2_lag_48h": 3.0,
    "SO2_rolling_24h": 3.0,
    "hour_sin": -1.0,
    "hour_cos": -1.0,
    "dow_sin": -0.9749279121818236,
    "dow_cos": -0.9009688679024191,
    "month_sin": -1.0,
    "month_cos": -1.0
  },
  "feature_upper_bounds": {
    "SO2_current": 10.0,
    "NO2_current": 79.0,
    "O3_current": 103.875,
    "SO2_lag_8h": 10.0,
    "SO2_lag_24h": 10.0,
    "SO2_lag_48h": 10.0,
    "SO2_rolling_24h": 8.083333333333334,
    "hour_sin": 1.0,
    "hour_cos": 1.0,
    "dow_sin": 0.9749279121818236,
    "dow_cos": 1.0,
    "month_sin": 1.0,
    "month_cos": 1.0
  },
  "model_type": "ridge_numpy_winsorized",
  "station": "València - Bulevard Sud",
  "pollutant": "SO2",
  "horizon_hours": 8,
  "target_window_hours": 1,
  "alpha": 5.0,
  "feature_clip_quantile": 0.005,
  "feature_names": [
    "SO2_current",
    "NO2_current",
    "O3_current",
    "SO2_lag_8h",
    "SO2_lag_24h",
    "SO2_lag_48h",
    "SO2_rolling_24h",
    "hour_sin",
    "hour_cos",
    "dow_sin",
    "dow_cos",
    "month_sin",
    "month_cos"
  ],
  "selected_strategy": "ridge",
  "trained_at_utc": "2026-06-23T13:42:17+00:00",
  "source_file": "data/time/filtrado_València - Bulevard Sud.csv",
  "source_start": "2019-01-01 00:00:00",
  "source_end": "2025-01-31 23:00:00",
  "selection_train_start": "2022-02-01 23:00:00",
  "selection_train_end": "2024-11-30 14:00:00",
  "validation_start": "2024-11-30 23:00:00",
  "validation_end": "2024-12-31 14:00:00",
  "train_start": "2022-02-01 23:00:00",
  "train_end": "2024-12-31 14:00:00",
  "test_start": "2024-12-31 23:00:00",
  "test_end": "2025-01-31 15:00:00",
  "selection_train_rows": 21286,
  "validation_rows": 731,
  "train_rows": 22017,
  "test_rows": 664,
  "metrics": {
    "mae": 0.48164295445700356,
    "rmse": 0.7052093177161894,
    "r2": 0.2594925452557728
  },
  "baseline_metrics": {
    "mae": 0.5271084337349398,
    "rmse": 0.981761387347632,
    "r2": -0.43517627312117724
  },
  "validation_metrics": {
    "mae": 0.7161812366140362,
    "rmse": 0.9907325389282479,
    "r2": 0.05675526378533369
  },
  "validation_baseline_metrics": {
    "mae": 0.9822161422708618,
    "rmse": 1.4353367265097945,
    "r2": -0.979790023414655
  },
  "beats_baseline_mae": true
}