{
  "intercept": 33.03488042730547,
  "coefficients": [
    -0.9323093045650078,
    -1.481131794513263,
    1.3762752441568633,
    -7.01566202759502,
    -4.863415302267339,
    -0.8915064496384241,
    14.889180765416214,
    0.6937296885541013,
    -0.20871508258740992,
    1.9495087470110928,
    0.30765273918391056,
    1.3270176024589975,
    1.9011858878707053
  ],
  "feature_means": {
    "NO2_current": 33.05507222919111,
    "PM10_current": 27.84638973647034,
    "PM2.5_current": 12.661530988179203,
    "NO2_lag_8h": 33.08576700521992,
    "NO2_lag_24h": 33.0734431270991,
    "NO2_lag_48h": 33.09853113745802,
    "NO2_rolling_24h": 33.08252028192997,
    "hour_sin": -0.002627808162868771,
    "hour_cos": 0.001984910968125864,
    "dow_sin": -0.0006631870684578415,
    "dow_cos": 0.006040914934610235,
    "month_sin": -0.017645983460971768,
    "month_cos": -0.02711143809849095
  },
  "feature_stds": {
    "NO2_current": 19.391299623291964,
    "PM10_current": 12.444429093312463,
    "PM2.5_current": 7.033821543781465,
    "NO2_lag_8h": 19.409612566312312,
    "NO2_lag_24h": 19.437892082759763,
    "NO2_lag_48h": 19.435022474984038,
    "NO2_rolling_24h": 11.954266914436781,
    "hour_sin": 0.7076689543992872,
    "hour_cos": 0.7065651218844214,
    "dow_sin": 0.7077268877085098,
    "dow_cos": 0.7064886302127021,
    "month_sin": 0.709151288980082,
    "month_cos": 0.704342574572831
  },
  "feature_lower_bounds": {
    "NO2_current": 4.0,
    "PM10_current": 7.5,
    "PM2.5_current": 2.375,
    "NO2_lag_8h": 4.0,
    "NO2_lag_24h": 4.0,
    "NO2_lag_48h": 4.0,
    "NO2_rolling_24h": 9.815,
    "hour_sin": -1.0,
    "hour_cos": -1.0,
    "dow_sin": -0.9749279121818236,
    "dow_cos": -0.9009688679024191,
    "month_sin": -1.0,
    "month_cos": -1.0
  },
  "feature_upper_bounds": {
    "NO2_current": 101.0,
    "PM10_current": 80.01833333333327,
    "PM2.5_current": 43.28166666666645,
    "NO2_lag_8h": 101.43999999999869,
    "NO2_lag_24h": 102.0,
    "NO2_lag_48h": 102.0,
    "NO2_rolling_24h": 69.58333333333333,
    "hour_sin": 1.0,
    "hour_cos": 1.0,
    "dow_sin": 0.9749279121818236,
    "dow_cos": 1.0,
    "month_sin": 1.0,
    "month_cos": 1.0
  },
  "model_type": "ridge_numpy_winsorized",
  "station": "València Olivereta",
  "pollutant": "NO2",
  "horizon_hours": 8,
  "target_window_hours": 1,
  "alpha": 5.0,
  "feature_clip_quantile": 0.005,
  "feature_names": [
    "NO2_current",
    "PM10_current",
    "PM2.5_current",
    "NO2_lag_8h",
    "NO2_lag_24h",
    "NO2_lag_48h",
    "NO2_rolling_24h",
    "hour_sin",
    "hour_cos",
    "dow_sin",
    "dow_cos",
    "month_sin",
    "month_cos"
  ],
  "selected_strategy": "ridge",
  "trained_at_utc": "2026-06-23T13:42:17+00:00",
  "source_file": "data/time/filtrado_València Olivereta.csv",
  "source_start": "2022-01-01 00:00:00",
  "source_end": "2025-01-31 23:00:00",
  "selection_train_start": "2022-02-01 23:00:00",
  "selection_train_end": "2024-11-30 14:00:00",
  "validation_start": "2024-11-30 23:00:00",
  "validation_end": "2024-12-31 14:00:00",
  "train_start": "2022-02-01 23:00:00",
  "train_end": "2024-12-31 14:00:00",
  "test_start": "2024-12-31 23:00:00",
  "test_end": "2025-01-31 15:00:00",
  "selection_train_rows": 24020,
  "validation_rows": 693,
  "train_rows": 24713,
  "test_rows": 700,
  "metrics": {
    "mae": 13.801101533365056,
    "rmse": 16.584796279149053,
    "r2": 0.31415453340681376
  },
  "baseline_metrics": {
    "mae": 21.495714285714286,
    "rmse": 27.228425273179916,
    "r2": -0.848634442053366
  },
  "validation_metrics": {
    "mae": 14.171250249050665,
    "rmse": 17.924981113607462,
    "r2": 0.27708043602699395
  },
  "validation_baseline_metrics": {
    "mae": 24.61038961038961,
    "rmse": 31.438779006138667,
    "r2": -1.2238418881087467
  },
  "beats_baseline_mae": true
}