{
  "intercept": 3.511659807956104,
  "coefficients": [
    0.33622444817815195,
    -0.00985206775862398,
    -0.007698176655488012,
    0.007000952918482062,
    0.11651009877459027,
    0.1513741884378204,
    0.340622762518867,
    0.06922517539266611,
    -0.023757660083158636,
    0.001796744588004666,
    -0.0025385155450051307,
    0.04697363340981274,
    0.012009795081192416
  ],
  "feature_means": {
    "SO2_current": 3.498079561042524,
    "NO2_current": 17.42153635116598,
    "O3_current": 50.880323121475385,
    "SO2_lag_8h": 3.5101051668952903,
    "SO2_lag_24h": 3.494970278920896,
    "SO2_lag_48h": 3.4975765889346135,
    "SO2_rolling_24h": 3.5137795038159787,
    "hour_sin": -0.01176553243595303,
    "hour_cos": 0.007576135240431585,
    "dow_sin": -0.010340966891051472,
    "dow_cos": -0.002527580042414118,
    "month_sin": -0.006066530761647028,
    "month_cos": 0.022476174673130348
  },
  "feature_stds": {
    "SO2_current": 1.1922022343988394,
    "NO2_current": 15.570494438481743,
    "O3_current": 24.72899826035179,
    "SO2_lag_8h": 1.211640214210661,
    "SO2_lag_24h": 1.191310674267638,
    "SO2_lag_48h": 1.1974062301357122,
    "SO2_rolling_24h": 0.9612771120985281,
    "hour_sin": 0.7074457427473775,
    "hour_cos": 0.7066614559768701,
    "dow_sin": 0.7084556301167028,
    "dow_cos": 0.7057074588983144,
    "month_sin": 0.7165480989116457,
    "month_cos": 0.6971818577440566
  },
  "feature_lower_bounds": {
    "SO2_current": 3.0,
    "NO2_current": 1.0,
    "O3_current": 1.5,
    "SO2_lag_8h": 3.0,
    "SO2_lag_24h": 3.0,
    "SO2_lag_48h": 3.0,
    "SO2_rolling_24h": 3.0,
    "hour_sin": -1.0,
    "hour_cos": -1.0,
    "dow_sin": -0.9749279121818236,
    "dow_cos": -0.9009688679024191,
    "month_sin": -1.0,
    "month_cos": -1.0
  },
  "feature_upper_bounds": {
    "SO2_current": 10.0,
    "NO2_current": 79.0,
    "O3_current": 103.75,
    "SO2_lag_8h": 10.0,
    "SO2_lag_24h": 10.0,
    "SO2_lag_48h": 10.0,
    "SO2_rolling_24h": 8.083333333333334,
    "hour_sin": 1.0,
    "hour_cos": 1.0,
    "dow_sin": 0.9749279121818236,
    "dow_cos": 1.0,
    "month_sin": 1.0,
    "month_cos": 1.0
  },
  "model_type": "ridge_numpy_winsorized",
  "station": "València - Bulevard Sud",
  "pollutant": "SO2",
  "horizon_hours": 24,
  "target_window_hours": 1,
  "alpha": 5.0,
  "feature_clip_quantile": 0.005,
  "feature_names": [
    "SO2_current",
    "NO2_current",
    "O3_current",
    "SO2_lag_8h",
    "SO2_lag_24h",
    "SO2_lag_48h",
    "SO2_rolling_24h",
    "hour_sin",
    "hour_cos",
    "dow_sin",
    "dow_cos",
    "month_sin",
    "month_cos"
  ],
  "selected_strategy": "persistence",
  "trained_at_utc": "2026-06-23T13:42:17+00:00",
  "source_file": "data/time/filtrado_València - Bulevard Sud.csv",
  "source_start": "2019-01-01 00:00:00",
  "source_end": "2025-01-31 23:00:00",
  "selection_train_start": "2022-02-01 23:00:00",
  "selection_train_end": "2024-11-29 22:00:00",
  "validation_start": "2024-11-30 23:00:00",
  "validation_end": "2024-12-30 22:00:00",
  "train_start": "2022-02-01 23:00:00",
  "train_end": "2024-12-30 22:00:00",
  "test_start": "2024-12-31 23:00:00",
  "test_end": "2025-01-30 23:00:00",
  "selection_train_rows": 21155,
  "validation_rows": 715,
  "train_rows": 21870,
  "test_rows": 648,
  "metrics": {
    "mae": 0.4516873855136555,
    "rmse": 0.6723261850986992,
    "r2": 0.2083497852385079
  },
  "baseline_metrics": {
    "mae": 0.38117283950617287,
    "rmse": 0.8098544298396251,
    "r2": -0.1486486486486489
  },
  "validation_metrics": {
    "mae": 0.6924267324938259,
    "rmse": 0.974747696996893,
    "r2": 0.09316815870747719
  },
  "validation_baseline_metrics": {
    "mae": 0.6825174825174826,
    "rmse": 1.2152872405004,
    "r2": -0.4096139915913046
  },
  "beats_baseline_mae": false
}