{
  "intercept": 50.51675599190539,
  "coefficients": [
    -0.6637643100542954,
    0.2618601412593903,
    9.71513731725277,
    2.0379126800260305,
    -1.090488860122366,
    0.7528306983983308,
    2.186634920009234,
    2.9964877309112947,
    -0.691063195689493,
    -2.0634342898721996,
    1.571926011677976,
    -1.1013549615972298,
    -1.7255102330167924,
    0.13941389142917648,
    -4.681412212880608
  ],
  "feature_means": {
    "SO2_current": 3.6715803452855247,
    "NO2_current": 17.625940681717573,
    "O3_current": 50.52220904740825,
    "PM10_current": 16.173421078125543,
    "PM2.5_current": 8.157419236141108,
    "O3_lag_8h": 50.48988042538839,
    "O3_lag_24h": 50.57424442837117,
    "O3_lag_48h": 50.590072777672376,
    "O3_rolling_24h": 50.51721914509803,
    "hour_sin": -0.004478002334954581,
    "hour_cos": 0.003393129333735356,
    "dow_sin": -0.012754468088813144,
    "dow_cos": 0.004205323444895774,
    "month_sin": -0.027329454464360046,
    "month_cos": -0.005567812196839941
  },
  "feature_stds": {
    "SO2_current": 1.2962324061090655,
    "NO2_current": 14.49049263669963,
    "O3_current": 22.424994318889347,
    "PM10_current": 9.654222918925724,
    "PM2.5_current": 6.317156931848983,
    "O3_lag_8h": 22.418524425827346,
    "O3_lag_24h": 22.385107784894092,
    "O3_lag_48h": 22.417432131792072,
    "O3_rolling_24h": 18.47036706952245,
    "hour_sin": 0.706887561814464,
    "hour_cos": 0.7073349115219129,
    "dow_sin": 0.7071713505972118,
    "dow_cos": 0.7069459534101921,
    "month_sin": 0.7188228245072588,
    "month_cos": 0.6946654462768193
  },
  "feature_lower_bounds": {
    "SO2_current": 3.0,
    "NO2_current": 1.0,
    "O3_current": 2.875,
    "PM10_current": 3.2487500000000002,
    "PM2.5_current": 1.0,
    "O3_lag_8h": 3.125,
    "O3_lag_24h": 3.125,
    "O3_lag_48h": 3.125,
    "O3_rolling_24h": 7.770833333333332,
    "hour_sin": -1.0,
    "hour_cos": -1.0,
    "dow_sin": -0.9749279121818236,
    "dow_cos": -0.9009688679024191,
    "month_sin": -1.0,
    "month_cos": -1.0
  },
  "feature_upper_bounds": {
    "SO2_current": 10.0,
    "NO2_current": 70.0,
    "O3_current": 104.625,
    "PM10_current": 55.541666666666664,
    "PM2.5_current": 33.458333333333336,
    "O3_lag_8h": 104.75,
    "O3_lag_24h": 104.63187500000004,
    "O3_lag_48h": 104.75,
    "O3_rolling_24h": 93.25114583333334,
    "hour_sin": 1.0,
    "hour_cos": 1.0,
    "dow_sin": 0.9749279121818236,
    "dow_cos": 1.0,
    "month_sin": 1.0,
    "month_cos": 1.0
  },
  "model_type": "ridge_numpy_winsorized",
  "station": "València - Pista de Silla",
  "pollutant": "O3",
  "horizon_hours": 24,
  "target_window_hours": 8,
  "alpha": 5.0,
  "feature_clip_quantile": 0.005,
  "feature_names": [
    "SO2_current",
    "NO2_current",
    "O3_current",
    "PM10_current",
    "PM2.5_current",
    "O3_lag_8h",
    "O3_lag_24h",
    "O3_lag_48h",
    "O3_rolling_24h",
    "hour_sin",
    "hour_cos",
    "dow_sin",
    "dow_cos",
    "month_sin",
    "month_cos"
  ],
  "selected_strategy": "ridge",
  "trained_at_utc": "2026-06-23T13:42:17+00:00",
  "source_file": "data/time/filtrado_València - Pista de Silla.csv",
  "source_start": "2019-01-01 00:00:00",
  "source_end": "2025-01-31 23:00:00",
  "selection_train_start": "2022-02-01 23:00:00",
  "selection_train_end": "2024-11-29 17:00:00",
  "validation_start": "2024-12-04 19:00:00",
  "validation_end": "2024-12-30 22:00:00",
  "train_start": "2022-02-01 23:00:00",
  "train_end": "2024-12-30 22:00:00",
  "test_start": "2024-12-31 23:00:00",
  "test_end": "2025-01-30 23:00:00",
  "selection_train_rows": 22184,
  "validation_rows": 406,
  "train_rows": 22590,
  "test_rows": 717,
  "metrics": {
    "mae": 8.98217580157986,
    "rmse": 11.325444380865159,
    "r2": 0.3279801319292419
  },
  "baseline_metrics": {
    "mae": 9.371853622899648,
    "rmse": 12.298041696122938,
    "r2": 0.20760170540247014
  },
  "validation_metrics": {
    "mae": 8.50887120239608,
    "rmse": 11.262178775127644,
    "r2": 0.07829227673796946
  },
  "validation_baseline_metrics": {
    "mae": 9.434069317382125,
    "rmse": 12.796085516981625,
    "r2": -0.18987861758462654
  },
  "beats_baseline_mae": true
}