{
  "intercept": 15.24503980791103,
  "coefficients": [
    -0.22822751298990918,
    0.06898854086514764,
    -0.20826523825081694,
    -2.522259907383141,
    -2.4199882745949473,
    -0.058843171526172564,
    8.404098666219365,
    -0.6485512561353918,
    0.7418306842544354,
    0.8876401774625924,
    0.17368840496225732,
    0.855577040440745,
    1.2570857577024155
  ],
  "feature_means": {
    "SO2_current": 3.4937444711234678,
    "NO2_current": 15.203926028897595,
    "O3_current": 55.63022347192384,
    "NO2_lag_8h": 15.278908125868824,
    "NO2_lag_24h": 15.224651417498631,
    "NO2_lag_48h": 15.26049959981465,
    "NO2_rolling_24h": 15.27829917700992,
    "hour_sin": -0.008527957854650308,
    "hour_cos": 0.009296848682762607,
    "dow_sin": -0.013256838540196747,
    "dow_cos": 0.0004536012027157524,
    "month_sin": -0.03193462253608814,
    "month_cos": -0.033250829760859316
  },
  "feature_stds": {
    "SO2_current": 1.0094302394364238,
    "NO2_current": 13.013761283044992,
    "O3_current": 24.17777324995234,
    "NO2_lag_8h": 13.04316693823606,
    "NO2_lag_24h": 13.027817399791338,
    "NO2_lag_48h": 13.07815459057345,
    "NO2_rolling_24h": 8.62522821515742,
    "hour_sin": 0.7072384517108702,
    "hour_cos": 0.7068923077840965,
    "dow_sin": 0.7085839058196304,
    "dow_cos": 0.7055317271584429,
    "month_sin": 0.707018617909081,
    "month_cos": 0.705720393034167
  },
  "feature_lower_bounds": {
    "SO2_current": 3.0,
    "NO2_current": 2.0,
    "O3_current": 4.75,
    "NO2_lag_8h": 2.0,
    "NO2_lag_24h": 2.0,
    "NO2_lag_48h": 2.0,
    "NO2_rolling_24h": 3.25,
    "hour_sin": -1.0,
    "hour_cos": -1.0,
    "dow_sin": -0.9749279121818236,
    "dow_cos": -0.9009688679024191,
    "month_sin": -1.0,
    "month_cos": -1.0
  },
  "feature_upper_bounds": {
    "SO2_current": 8.0,
    "NO2_current": 66.0,
    "O3_current": 107.875,
    "NO2_lag_8h": 66.0,
    "NO2_lag_24h": 66.0,
    "NO2_lag_48h": 67.0,
    "NO2_rolling_24h": 45.05458333333339,
    "hour_sin": 1.0,
    "hour_cos": 1.0,
    "dow_sin": 0.9749279121818236,
    "dow_cos": 1.0,
    "month_sin": 1.0,
    "month_cos": 1.0
  },
  "model_type": "ridge_numpy_winsorized",
  "station": "València - Vivers",
  "pollutant": "NO2",
  "horizon_hours": 8,
  "target_window_hours": 1,
  "alpha": 5.0,
  "feature_clip_quantile": 0.005,
  "feature_names": [
    "SO2_current",
    "NO2_current",
    "O3_current",
    "NO2_lag_8h",
    "NO2_lag_24h",
    "NO2_lag_48h",
    "NO2_rolling_24h",
    "hour_sin",
    "hour_cos",
    "dow_sin",
    "dow_cos",
    "month_sin",
    "month_cos"
  ],
  "selected_strategy": "ridge",
  "trained_at_utc": "2026-06-23T13:42:17+00:00",
  "source_file": "data/time/filtrado_València - Vivers.csv",
  "source_start": "2019-01-01 00:00:00",
  "source_end": "2025-01-31 23:00:00",
  "selection_train_start": "2022-02-01 23:00:00",
  "selection_train_end": "2024-11-30 14:00:00",
  "validation_start": "2024-11-30 23:00:00",
  "validation_end": "2024-12-31 14:00:00",
  "train_start": "2022-02-01 23:00:00",
  "train_end": "2024-12-31 14:00:00",
  "test_start": "2024-12-31 23:00:00",
  "test_end": "2025-01-31 15:00:00",
  "selection_train_rows": 23023,
  "validation_rows": 716,
  "train_rows": 23739,
  "test_rows": 728,
  "metrics": {
    "mae": 11.486077880227208,
    "rmse": 14.00616814920221,
    "r2": 0.2030396598122911
  },
  "baseline_metrics": {
    "mae": 16.14010989010989,
    "rmse": 20.55400284535917,
    "r2": -0.7162907528832725
  },
  "validation_metrics": {
    "mae": 12.508765096387497,
    "rmse": 15.335228397245617,
    "r2": 0.053522474892809035
  },
  "validation_baseline_metrics": {
    "mae": 17.829608938547487,
    "rmse": 22.209137985429916,
    "r2": -0.9851494754638048
  },
  "beats_baseline_mae": true
}