{
  "intercept": 3.332441087902108,
  "coefficients": [
    0.15077604884857443,
    -0.0172808377199565,
    0.0014260915107807827,
    -0.05507933045566001,
    0.05801365704453187,
    -0.013590996293608782,
    0.04581624899176114,
    0.1309762260742172,
    0.17411993509717716,
    0.02184685206298952,
    -0.020206611918907515,
    0.021993271690136342,
    -0.012535515777277132,
    0.03223586330540729,
    -0.006118955166327893
  ],
  "feature_means": {
    "SO2_current": 3.327422207351465,
    "NO2_current": 11.173366473877921,
    "O3_current": 54.46558709521762,
    "PM10_current": 14.974049232884449,
    "PM2.5_current": 9.867696280356755,
    "SO2_lag_8h": 3.327852397112949,
    "SO2_lag_24h": 3.329381960709335,
    "SO2_lag_48h": 3.3246976721954087,
    "SO2_rolling_24h": 3.3333353473690934,
    "hour_sin": -0.006326399518292069,
    "hour_cos": 0.016514714238730542,
    "dow_sin": -0.0155675245740227,
    "dow_cos": 0.006457088503946811,
    "month_sin": -0.0037998203429005957,
    "month_cos": -0.051762850512413895
  },
  "feature_stds": {
    "SO2_current": 0.6881667765965559,
    "NO2_current": 11.69394239379232,
    "O3_current": 23.055914340612095,
    "PM10_current": 7.657683558025817,
    "PM2.5_current": 5.9845874040440625,
    "SO2_lag_8h": 0.688899294153968,
    "SO2_lag_24h": 0.7101836709601678,
    "SO2_lag_48h": 0.6935281508502485,
    "SO2_rolling_24h": 0.5923471186658152,
    "hour_sin": 0.7065658477599707,
    "hour_cos": 0.7074600553098286,
    "dow_sin": 0.7079431899319195,
    "dow_cos": 0.7061021070536104,
    "month_sin": 0.7227754137523392,
    "month_cos": 0.6891658307884305
  },
  "feature_lower_bounds": {
    "SO2_current": 3.0,
    "NO2_current": 1.0,
    "O3_current": 2.375,
    "PM10_current": 2.375,
    "PM2.5_current": 1.125,
    "SO2_lag_8h": 3.0,
    "SO2_lag_24h": 3.0,
    "SO2_lag_48h": 3.0,
    "SO2_rolling_24h": 3.0,
    "hour_sin": -1.0,
    "hour_cos": -1.0,
    "dow_sin": -0.9749279121818236,
    "dow_cos": -0.9009688679024191,
    "month_sin": -1.0,
    "month_cos": -1.0
  },
  "feature_upper_bounds": {
    "SO2_current": 6.0,
    "NO2_current": 64.0,
    "O3_current": 110.47500000000036,
    "PM10_current": 46.291666666666664,
    "PM2.5_current": 38.25833333333352,
    "SO2_lag_8h": 6.0,
    "SO2_lag_24h": 7.0,
    "SO2_lag_48h": 6.400000000001455,
    "SO2_rolling_24h": 5.75,
    "hour_sin": 1.0,
    "hour_cos": 1.0,
    "dow_sin": 0.9749279121818236,
    "dow_cos": 1.0,
    "month_sin": 1.0,
    "month_cos": 1.0
  },
  "model_type": "ridge_numpy_winsorized",
  "station": "València - Politècnic",
  "pollutant": "SO2",
  "horizon_hours": 24,
  "target_window_hours": 1,
  "alpha": 5.0,
  "feature_clip_quantile": 0.005,
  "feature_names": [
    "SO2_current",
    "NO2_current",
    "O3_current",
    "PM10_current",
    "PM2.5_current",
    "SO2_lag_8h",
    "SO2_lag_24h",
    "SO2_lag_48h",
    "SO2_rolling_24h",
    "hour_sin",
    "hour_cos",
    "dow_sin",
    "dow_cos",
    "month_sin",
    "month_cos"
  ],
  "selected_strategy": "persistence",
  "trained_at_utc": "2026-06-23T13:42:17+00:00",
  "source_file": "data/time/filtrado_València - Politècnic.csv",
  "source_start": "2019-01-01 00:00:00",
  "source_end": "2025-01-31 23:00:00",
  "selection_train_start": "2022-02-01 23:00:00",
  "selection_train_end": "2024-11-29 22:00:00",
  "validation_start": "2024-11-30 23:00:00",
  "validation_end": "2024-12-30 22:00:00",
  "train_start": "2022-02-01 23:00:00",
  "train_end": "2024-12-30 22:00:00",
  "test_start": "2024-12-31 23:00:00",
  "test_end": "2025-01-30 23:00:00",
  "selection_train_rows": 20211,
  "validation_rows": 710,
  "train_rows": 20921,
  "test_rows": 686,
  "metrics": {
    "mae": 0.1048512279498753,
    "rmse": 0.14205591741473012,
    "r2": -1.327591308030129
  },
  "baseline_metrics": {
    "mae": 0.01749271137026239,
    "rmse": 0.13226001425322165,
    "r2": -1.0176470588235293
  },
  "validation_metrics": {
    "mae": 0.1345185997511934,
    "rmse": 0.27801841464240923,
    "r2": -0.08947617211577108
  },
  "validation_baseline_metrics": {
    "mae": 0.09014084507042254,
    "rmse": 0.3715214247039927,
    "r2": -0.9455318197069682
  },
  "beats_baseline_mae": false
}