{
  "intercept": 9.808319087461454,
  "coefficients": [
    -0.007055803959553033,
    0.23678469020711723,
    0.027502236173947963,
    -0.058320649437430296,
    10.760330805915961,
    -0.1520516711076517,
    2.717511895324859,
    -0.18055261543777598,
    -6.4575860930703595,
    -0.001765991293962794,
    -0.006528119014507608,
    0.019001705832964646,
    0.005129919342827301,
    0.07651001411147049,
    0.026833516153176036
  ],
  "feature_means": {
    "SO2_current": 3.4627368232019395,
    "NO2_current": 14.199021280416629,
    "O3_current": 53.33048153516592,
    "PM10_current": 19.435326143179353,
    "PM2.5_current": 9.784047436807079,
    "PM2.5_lag_8h": 9.768880471844238,
    "PM2.5_lag_24h": 9.72855305005544,
    "PM2.5_lag_48h": 9.682720132625766,
    "PM2.5_rolling_24h": 9.760837840046705,
    "hour_sin": -0.0019576178275766652,
    "hour_cos": 0.000680546944863514,
    "dow_sin": -0.0035665761296324637,
    "dow_cos": 0.0026502803915632884,
    "month_sin": 0.05517646159472546,
    "month_cos": -0.04127563852562907
  },
  "feature_stds": {
    "SO2_current": 0.7476319358967466,
    "NO2_current": 12.957917822532576,
    "O3_current": 23.208141007953955,
    "PM10_current": 11.55713786834957,
    "PM2.5_current": 6.819057555903291,
    "PM2.5_lag_8h": 6.830834043410398,
    "PM2.5_lag_24h": 6.838105559724892,
    "PM2.5_lag_48h": 6.796564368476736,
    "PM2.5_rolling_24h": 6.675442987550465,
    "hour_sin": 0.7068680531370801,
    "hour_cos": 0.7073741282087131,
    "dow_sin": 0.7073106008948934,
    "dow_cos": 0.7069206928172039,
    "month_sin": 0.7010868953693423,
    "month_cos": 0.7097701945861009
  },
  "feature_lower_bounds": {
    "SO2_current": 3.0,
    "NO2_current": 1.0,
    "O3_current": 4.295625000000001,
    "PM10_current": 2.8902083333333337,
    "PM2.5_current": 1.5,
    "PM2.5_lag_8h": 1.5,
    "PM2.5_lag_24h": 1.5,
    "PM2.5_lag_48h": 1.5,
    "PM2.5_rolling_24h": 1.5364583333333328,
    "hour_sin": -1.0,
    "hour_cos": -1.0,
    "dow_sin": -0.9749279121818236,
    "dow_cos": -0.9009688679024191,
    "month_sin": -1.0,
    "month_cos": -1.0
  },
  "feature_upper_bounds": {
    "SO2_current": 7.0,
    "NO2_current": 71.0,
    "O3_current": 107.5,
    "PM10_current": 60.94312499999993,
    "PM2.5_current": 39.157976190476155,
    "PM2.5_lag_8h": 39.47098731884055,
    "PM2.5_lag_24h": 39.556621376811556,
    "PM2.5_lag_48h": 39.458333333333336,
    "PM2.5_rolling_24h": 38.56977490586017,
    "hour_sin": 1.0,
    "hour_cos": 1.0,
    "dow_sin": 0.9749279121818236,
    "dow_cos": 1.0,
    "month_sin": 1.0,
    "month_cos": 1.0
  },
  "model_type": "ridge_numpy_winsorized",
  "station": "València - Av. França",
  "pollutant": "PM2.5",
  "horizon_hours": 8,
  "target_window_hours": 24,
  "alpha": 5.0,
  "feature_clip_quantile": 0.005,
  "feature_names": [
    "SO2_current",
    "NO2_current",
    "O3_current",
    "PM10_current",
    "PM2.5_current",
    "PM2.5_lag_8h",
    "PM2.5_lag_24h",
    "PM2.5_lag_48h",
    "PM2.5_rolling_24h",
    "hour_sin",
    "hour_cos",
    "dow_sin",
    "dow_cos",
    "month_sin",
    "month_cos"
  ],
  "selected_strategy": "ridge",
  "trained_at_utc": "2026-06-23T13:42:17+00:00",
  "source_file": "data/time/filtrado_València - Av. França.csv",
  "source_start": "2019-01-01 00:00:00",
  "source_end": "2025-01-31 23:00:00",
  "selection_train_start": "2022-02-01 23:00:00",
  "selection_train_end": "2024-11-30 14:00:00",
  "validation_start": "2024-11-30 23:00:00",
  "validation_end": "2024-12-31 14:00:00",
  "train_start": "2022-02-01 23:00:00",
  "train_end": "2024-12-31 14:00:00",
  "test_start": "2024-12-31 23:00:00",
  "test_end": "2025-01-31 15:00:00",
  "selection_train_rows": 21616,
  "validation_rows": 658,
  "train_rows": 22274,
  "test_rows": 722,
  "metrics": {
    "mae": 1.4889327263184244,
    "rmse": 2.1115806032228392,
    "r2": 0.9325829798544135
  },
  "baseline_metrics": {
    "mae": 2.014829726959379,
    "rmse": 2.9822451835015786,
    "r2": 0.8655251970956334
  },
  "validation_metrics": {
    "mae": 2.0324038215861386,
    "rmse": 2.733041052750261,
    "r2": 0.9273383944203943
  },
  "validation_baseline_metrics": {
    "mae": 2.2850408113132166,
    "rmse": 2.9237682451391254,
    "r2": 0.9168430466582445
  },
  "beats_baseline_mae": true
}