{
  "intercept": 51.03385326539768,
  "coefficients": [
    -0.29341505370658694,
    0.17216305462019948,
    11.516334715031258,
    0.8386758097588908,
    2.906216093894222,
    2.632057255097446,
    -1.647071371254452,
    -3.5306117990856385,
    1.1787072563609131,
    -0.7015803734801919,
    -1.663107109761036,
    0.8433028116671559,
    -4.960441328125728
  ],
  "feature_means": {
    "SO2_current": 3.5096007178106774,
    "NO2_current": 17.411492148945715,
    "O3_current": 51.0141596701489,
    "O3_lag_8h": 50.813446399196735,
    "O3_lag_24h": 51.02943531158538,
    "O3_lag_48h": 50.92178106774338,
    "O3_rolling_24h": 50.87246860038193,
    "hour_sin": -0.007122892690712299,
    "hour_cos": 0.006428213397564453,
    "dow_sin": -0.010043433200608742,
    "dow_cos": 0.0038998115555234046,
    "month_sin": -0.006071253487658243,
    "month_cos": 0.01006036915015595
  },
  "feature_stds": {
    "SO2_current": 1.2042599668150673,
    "NO2_current": 15.542043157886862,
    "O3_current": 24.883061874837242,
    "O3_lag_8h": 24.825105207466205,
    "O3_lag_24h": 24.918504543262777,
    "O3_lag_48h": 24.92800333540761,
    "O3_rolling_24h": 19.067624375648673,
    "hour_sin": 0.708645356733871,
    "hour_cos": 0.7055314039089433,
    "dow_sin": 0.7080168132582481,
    "dow_cos": 0.7061451501179882,
    "month_sin": 0.710711909037468,
    "month_cos": 0.7034169248685804
  },
  "feature_lower_bounds": {
    "SO2_current": 3.0,
    "NO2_current": 1.0,
    "O3_current": 1.5,
    "O3_lag_8h": 1.5,
    "O3_lag_24h": 1.5,
    "O3_lag_48h": 1.5,
    "O3_rolling_24h": 8.429600694444442,
    "hour_sin": -1.0,
    "hour_cos": -1.0,
    "dow_sin": -0.9749279121818236,
    "dow_cos": -0.9009688679024191,
    "month_sin": -1.0,
    "month_cos": -1.0
  },
  "feature_upper_bounds": {
    "SO2_current": 10.0,
    "NO2_current": 78.55500000000029,
    "O3_current": 104.5,
    "O3_lag_8h": 104.5,
    "O3_lag_24h": 104.5,
    "O3_lag_48h": 104.5,
    "O3_rolling_24h": 89.92820312500001,
    "hour_sin": 1.0,
    "hour_cos": 1.0,
    "dow_sin": 0.9749279121818236,
    "dow_cos": 1.0,
    "month_sin": 1.0,
    "month_cos": 1.0
  },
  "model_type": "ridge_numpy_winsorized",
  "station": "València - Bulevard Sud",
  "pollutant": "O3",
  "horizon_hours": 24,
  "target_window_hours": 8,
  "alpha": 5.0,
  "feature_clip_quantile": 0.005,
  "feature_names": [
    "SO2_current",
    "NO2_current",
    "O3_current",
    "O3_lag_8h",
    "O3_lag_24h",
    "O3_lag_48h",
    "O3_rolling_24h",
    "hour_sin",
    "hour_cos",
    "dow_sin",
    "dow_cos",
    "month_sin",
    "month_cos"
  ],
  "selected_strategy": "ridge",
  "trained_at_utc": "2026-06-23T13:42:17+00:00",
  "source_file": "data/time/filtrado_València - Bulevard Sud.csv",
  "source_start": "2019-01-01 00:00:00",
  "source_end": "2025-01-31 23:00:00",
  "selection_train_start": "2022-02-01 23:00:00",
  "selection_train_end": "2024-11-29 22:00:00",
  "validation_start": "2024-11-30 23:00:00",
  "validation_end": "2024-12-30 22:00:00",
  "train_start": "2022-02-01 23:00:00",
  "train_end": "2024-12-30 22:00:00",
  "test_start": "2024-12-31 23:00:00",
  "test_end": "2025-01-30 23:00:00",
  "selection_train_rows": 21571,
  "validation_rows": 719,
  "train_rows": 22290,
  "test_rows": 624,
  "metrics": {
    "mae": 12.570431281374255,
    "rmse": 15.668053241216015,
    "r2": 0.2608165494168939
  },
  "baseline_metrics": {
    "mae": 14.305889423076923,
    "rmse": 18.40432679669001,
    "r2": -0.019910423127204258
  },
  "validation_metrics": {
    "mae": 12.223752455471121,
    "rmse": 15.346676825802804,
    "r2": 0.1716967080044205
  },
  "validation_baseline_metrics": {
    "mae": 12.914588714484404,
    "rmse": 17.6865668514434,
    "r2": -0.10013953491515704
  },
  "beats_baseline_mae": true
}