{
  "intercept": 3.690656063618291,
  "coefficients": [
    0.10727661903695541,
    -0.10525544813035956,
    -0.045954167845810266,
    -0.018051224727969307,
    -0.05506127660167832,
    -0.14852756455145588,
    -0.15236253391668267,
    0.05629378089714695,
    0.9514517279613198,
    0.05100049110704403,
    0.08865082595378859,
    0.04049878405845402,
    0.021280144609651823,
    0.0035254847770294,
    0.039535637777318514
  ],
  "feature_means": {
    "SO2_current": 3.668875635078418,
    "NO2_current": 17.568455931080187,
    "O3_current": 50.730374367551306,
    "PM10_current": 16.26705086403185,
    "PM2.5_current": 8.216032200343651,
    "SO2_lag_8h": 3.669405787497239,
    "SO2_lag_24h": 3.6571239231278994,
    "SO2_lag_48h": 3.6493483543185334,
    "SO2_rolling_24h": 3.681018892261771,
    "hour_sin": -0.006516797841530193,
    "hour_cos": 0.0030758427794530534,
    "dow_sin": -0.007817180654472462,
    "dow_cos": 0.009579033253519052,
    "month_sin": -0.030251621087203032,
    "month_cos": -0.014425580359819149
  },
  "feature_stds": {
    "SO2_current": 1.294000656589279,
    "NO2_current": 14.459934924274918,
    "O3_current": 22.449326505485427,
    "PM10_current": 9.647580978744584,
    "PM2.5_current": 6.31612717292012,
    "SO2_lag_8h": 1.2944434287445352,
    "SO2_lag_24h": 1.2716958508181184,
    "SO2_lag_48h": 1.2616493993448052,
    "SO2_rolling_24h": 0.9914457795024805,
    "hour_sin": 0.706640906008609,
    "hour_cos": 0.707566872824272,
    "dow_sin": 0.7069955310130536,
    "dow_cos": 0.7071411651872703,
    "month_sin": 0.7188967614991238,
    "month_cos": 0.6943402048362858
  },
  "feature_lower_bounds": {
    "SO2_current": 3.0,
    "NO2_current": 1.0,
    "O3_current": 3.02125,
    "PM10_current": 3.25,
    "PM2.5_current": 1.0,
    "SO2_lag_8h": 3.0,
    "SO2_lag_24h": 3.0,
    "SO2_lag_48h": 3.0,
    "SO2_rolling_24h": 3.0,
    "hour_sin": -1.0,
    "hour_cos": -1.0,
    "dow_sin": -0.9749279121818236,
    "dow_cos": -0.9009688679024191,
    "month_sin": -1.0,
    "month_cos": -1.0
  },
  "feature_upper_bounds": {
    "SO2_current": 10.0,
    "NO2_current": 70.0,
    "O3_current": 104.72874999999976,
    "PM10_current": 55.20124999999992,
    "PM2.5_current": 33.388333333333016,
    "SO2_lag_8h": 10.0,
    "SO2_lag_24h": 10.0,
    "SO2_lag_48h": 10.0,
    "SO2_rolling_24h": 7.625,
    "hour_sin": 1.0,
    "hour_cos": 1.0,
    "dow_sin": 0.9749279121818236,
    "dow_cos": 1.0,
    "month_sin": 1.0,
    "month_cos": 1.0
  },
  "model_type": "ridge_numpy_winsorized",
  "station": "València - Pista de Silla",
  "pollutant": "SO2",
  "horizon_hours": 8,
  "target_window_hours": 1,
  "alpha": 5.0,
  "feature_clip_quantile": 0.005,
  "feature_names": [
    "SO2_current",
    "NO2_current",
    "O3_current",
    "PM10_current",
    "PM2.5_current",
    "SO2_lag_8h",
    "SO2_lag_24h",
    "SO2_lag_48h",
    "SO2_rolling_24h",
    "hour_sin",
    "hour_cos",
    "dow_sin",
    "dow_cos",
    "month_sin",
    "month_cos"
  ],
  "selected_strategy": "ridge",
  "trained_at_utc": "2026-06-23T13:42:17+00:00",
  "source_file": "data/time/filtrado_València - Pista de Silla.csv",
  "source_start": "2019-01-01 00:00:00",
  "source_end": "2025-01-31 23:00:00",
  "selection_train_start": "2022-02-01 23:00:00",
  "selection_train_end": "2024-11-29 17:00:00",
  "validation_start": "2024-12-04 14:00:00",
  "validation_end": "2024-12-31 14:00:00",
  "train_start": "2022-02-01 23:00:00",
  "train_end": "2024-12-31 14:00:00",
  "test_start": "2024-12-31 23:00:00",
  "test_end": "2025-01-31 15:00:00",
  "selection_train_rows": 22209,
  "validation_rows": 426,
  "train_rows": 22635,
  "test_rows": 717,
  "metrics": {
    "mae": 0.9499902959078292,
    "rmse": 1.3300352643857676,
    "r2": 0.12289069655375584
  },
  "baseline_metrics": {
    "mae": 1.094839609483961,
    "rmse": 1.9870571443316896,
    "r2": -0.9577089188474961
  },
  "validation_metrics": {
    "mae": 1.2417782483734612,
    "rmse": 1.6340909297250767,
    "r2": 0.06211414480205557
  },
  "validation_baseline_metrics": {
    "mae": 1.6690140845070423,
    "rmse": 2.5114760076674436,
    "r2": -1.2154176666408611
  },
  "beats_baseline_mae": true
}