{
  "intercept": 54.050001488467345,
  "coefficients": [
    0.43595909453925363,
    0.24678763920519256,
    10.73768519284601,
    -0.09567866006275116,
    -0.24278706155115923,
    1.0566320642251008,
    2.93592285490126,
    2.610860588327799,
    -1.9301894927981216,
    -3.7112436160719686,
    1.0927387887743616,
    -0.503730318879317,
    -1.4928028297936966,
    0.5088141576506149,
    -4.702322567743103
  ],
  "feature_means": {
    "SO2_current": 3.504826206551638,
    "NO2_current": 16.41815453863466,
    "O3_current": 53.94904321318424,
    "PM10_current": 13.579378283896396,
    "PM2.5_current": 9.331187572740907,
    "O3_lag_8h": 53.96629544290835,
    "O3_lag_24h": 53.97030418318865,
    "O3_lag_48h": 53.97969909143952,
    "O3_rolling_24h": 53.89389159045714,
    "hour_sin": -0.0024272578269311207,
    "hour_cos": 0.007537304776673692,
    "dow_sin": -0.01757349518789948,
    "dow_cos": 0.0033059781468045665,
    "month_sin": 0.021835199210514127,
    "month_cos": -0.0344204216017266
  },
  "feature_stds": {
    "SO2_current": 0.9927788759447215,
    "NO2_current": 12.765109670605804,
    "O3_current": 23.622940804935336,
    "PM10_current": 9.197502352979365,
    "PM2.5_current": 7.3989197298980836,
    "O3_lag_8h": 23.543971192657956,
    "O3_lag_24h": 23.608576238807615,
    "O3_lag_48h": 23.709057646663474,
    "O3_rolling_24h": 17.631470831791514,
    "hour_sin": 0.7073229843388579,
    "hour_cos": 0.7068815354432743,
    "dow_sin": 0.7072341825527289,
    "dow_cos": 0.7067885488717279,
    "month_sin": 0.7033379333890155,
    "month_cos": 0.709721172018064
  },
  "feature_lower_bounds": {
    "SO2_current": 3.0,
    "NO2_current": 1.0,
    "O3_current": 5.5,
    "PM10_current": 1.625,
    "PM2.5_current": 1.0,
    "O3_lag_8h": 6.12125,
    "O3_lag_24h": 5.8675,
    "O3_lag_48h": 6.125,
    "O3_rolling_24h": 12.619635416666666,
    "hour_sin": -1.0,
    "hour_cos": -1.0,
    "dow_sin": -0.9749279121818236,
    "dow_cos": -0.9009688679024191,
    "month_sin": -1.0,
    "month_cos": -1.0
  },
  "feature_upper_bounds": {
    "SO2_current": 9.0,
    "NO2_current": 63.0,
    "O3_current": 109.12874999999985,
    "PM10_current": 46.29291666666661,
    "PM2.5_current": 39.86006493506482,
    "O3_lag_8h": 108.875,
    "O3_lag_24h": 109.00374999999985,
    "O3_lag_48h": 109.375,
    "O3_rolling_24h": 95.46640624999948,
    "hour_sin": 1.0,
    "hour_cos": 1.0,
    "dow_sin": 0.9749279121818236,
    "dow_cos": 1.0,
    "month_sin": 1.0,
    "month_cos": 1.0
  },
  "model_type": "ridge_numpy_winsorized",
  "station": "València - Molí del Sol",
  "pollutant": "O3",
  "horizon_hours": 24,
  "target_window_hours": 8,
  "alpha": 5.0,
  "feature_clip_quantile": 0.005,
  "feature_names": [
    "SO2_current",
    "NO2_current",
    "O3_current",
    "PM10_current",
    "PM2.5_current",
    "O3_lag_8h",
    "O3_lag_24h",
    "O3_lag_48h",
    "O3_rolling_24h",
    "hour_sin",
    "hour_cos",
    "dow_sin",
    "dow_cos",
    "month_sin",
    "month_cos"
  ],
  "selected_strategy": "ridge",
  "trained_at_utc": "2026-06-23T13:42:17+00:00",
  "source_file": "data/time/filtrado_València - Molí del Sol.csv",
  "source_start": "2019-01-01 00:00:00",
  "source_end": "2025-01-31 23:00:00",
  "selection_train_start": "2022-02-01 23:00:00",
  "selection_train_end": "2024-11-29 22:00:00",
  "validation_start": "2024-11-30 23:00:00",
  "validation_end": "2024-12-22 13:00:00",
  "train_start": "2022-02-01 23:00:00",
  "train_end": "2024-12-22 13:00:00",
  "test_start": "2025-01-05 14:00:00",
  "test_end": "2025-01-30 23:00:00",
  "selection_train_rows": 19674,
  "validation_rows": 321,
  "train_rows": 19995,
  "test_rows": 467,
  "metrics": {
    "mae": 10.578621278142704,
    "rmse": 13.15297924925771,
    "r2": 0.3401085805996521
  },
  "baseline_metrics": {
    "mae": 11.196186397471195,
    "rmse": 14.606503787714002,
    "r2": 0.18620172928516332
  },
  "validation_metrics": {
    "mae": 12.846560897574575,
    "rmse": 16.231384275466116,
    "r2": 0.00737758717995729
  },
  "validation_baseline_metrics": {
    "mae": 14.119715175789942,
    "rmse": 19.2584734176986,
    "r2": -0.3973869224287705
  },
  "beats_baseline_mae": true
}