{
  "intercept": 50.527209313044594,
  "coefficients": [
    -0.11791066742769826,
    -3.185686291473794,
    3.2962906842557627,
    2.2619401440277307,
    -1.0273737827987874,
    -9.457085688806275,
    -7.454121895962391,
    0.6157202656452071,
    22.416129458804374,
    0.09670519089297872,
    -6.151909767251932,
    -1.001489044306421,
    -0.2333835172979121,
    0.5836792937559254,
    -4.4864440313967275
  ],
  "feature_means": {
    "SO2_current": 3.6720489242817544,
    "NO2_current": 17.6309560473404,
    "O3_current": 50.535339308498266,
    "PM10_current": 16.184294297608535,
    "PM2.5_current": 8.177310152316984,
    "O3_lag_8h": 50.48646055280751,
    "O3_lag_24h": 50.60869400116068,
    "O3_lag_48h": 50.595839382873564,
    "O3_rolling_24h": 50.51937229109212,
    "hour_sin": -0.0036228292735234896,
    "hour_cos": 0.002782327528258565,
    "dow_sin": -0.011519073898131168,
    "dow_cos": 0.007591514276321834,
    "month_sin": -0.027121905585940936,
    "month_cos": -0.0076831671696552355
  },
  "feature_stds": {
    "SO2_current": 1.2959514552269433,
    "NO2_current": 14.488510995539745,
    "O3_current": 22.416991407822472,
    "PM10_current": 9.64566012048335,
    "PM2.5_current": 6.325359923050917,
    "O3_lag_8h": 22.44185195445371,
    "O3_lag_24h": 22.392716296166387,
    "O3_lag_48h": 22.42909941595904,
    "O3_rolling_24h": 18.480495118502645,
    "hour_sin": 0.7067972941963895,
    "hour_cos": 0.7074324818328294,
    "dow_sin": 0.7071097290846985,
    "dow_cos": 0.7070003543842363,
    "month_sin": 0.7183967088798124,
    "month_cos": 0.6950938810548024
  },
  "feature_lower_bounds": {
    "SO2_current": 3.0,
    "NO2_current": 1.0,
    "O3_current": 2.955,
    "PM10_current": 3.25,
    "PM2.5_current": 1.0,
    "O3_lag_8h": 3.125,
    "O3_lag_24h": 3.125,
    "O3_lag_48h": 3.125,
    "O3_rolling_24h": 7.784166666666665,
    "hour_sin": -1.0,
    "hour_cos": -1.0,
    "dow_sin": -0.9749279121818236,
    "dow_cos": -0.9009688679024191,
    "month_sin": -1.0,
    "month_cos": -1.0
  },
  "feature_upper_bounds": {
    "SO2_current": 10.0,
    "NO2_current": 70.0,
    "O3_current": 104.625,
    "PM10_current": 55.38166666666681,
    "PM2.5_current": 33.458333333333336,
    "O3_lag_8h": 104.75,
    "O3_lag_24h": 104.625,
    "O3_lag_48h": 104.75,
    "O3_rolling_24h": 93.2066666666667,
    "hour_sin": 1.0,
    "hour_cos": 1.0,
    "dow_sin": 0.9749279121818236,
    "dow_cos": 1.0,
    "month_sin": 1.0,
    "month_cos": 1.0
  },
  "model_type": "ridge_numpy_winsorized",
  "station": "València - Pista de Silla",
  "pollutant": "O3",
  "horizon_hours": 8,
  "target_window_hours": 8,
  "alpha": 5.0,
  "feature_clip_quantile": 0.005,
  "feature_names": [
    "SO2_current",
    "NO2_current",
    "O3_current",
    "PM10_current",
    "PM2.5_current",
    "O3_lag_8h",
    "O3_lag_24h",
    "O3_lag_48h",
    "O3_rolling_24h",
    "hour_sin",
    "hour_cos",
    "dow_sin",
    "dow_cos",
    "month_sin",
    "month_cos"
  ],
  "selected_strategy": "ridge",
  "trained_at_utc": "2026-06-23T13:42:17+00:00",
  "source_file": "data/time/filtrado_València - Pista de Silla.csv",
  "source_start": "2019-01-01 00:00:00",
  "source_end": "2025-01-31 23:00:00",
  "selection_train_start": "2022-02-01 23:00:00",
  "selection_train_end": "2024-11-29 17:00:00",
  "validation_start": "2024-12-04 19:00:00",
  "validation_end": "2024-12-31 14:00:00",
  "train_start": "2022-02-01 23:00:00",
  "train_end": "2024-12-31 14:00:00",
  "test_start": "2024-12-31 23:00:00",
  "test_end": "2025-01-31 15:00:00",
  "selection_train_rows": 22307,
  "validation_rows": 422,
  "train_rows": 22729,
  "test_rows": 733,
  "metrics": {
    "mae": 8.98513119487839,
    "rmse": 11.403013631759832,
    "r2": 0.31366924381047
  },
  "baseline_metrics": {
    "mae": 8.154412720067564,
    "rmse": 10.569681824646208,
    "r2": 0.4103178219212167
  },
  "validation_metrics": {
    "mae": 8.596280193600546,
    "rmse": 10.834428851771094,
    "r2": 0.09488175203230342
  },
  "validation_baseline_metrics": {
    "mae": 8.609554840893704,
    "rmse": 10.45218178727657,
    "r2": 0.15762167080221035
  },
  "beats_baseline_mae": false
}