{
  "intercept": 55.673134174291334,
  "coefficients": [
    -0.4158747063750425,
    0.7478397975778868,
    10.539199894310215,
    0.24763193460729635,
    2.843937996228331,
    3.2485068756576,
    -0.07608688856146126,
    -3.2774126572064874,
    1.3932932796915771,
    -0.6204075883917576,
    -1.416523169911723,
    0.5134713503284944,
    -4.288131223191689
  ],
  "feature_means": {
    "SO2_current": 3.49734009131655,
    "NO2_current": 15.277133162987475,
    "O3_current": 55.63943152555287,
    "O3_lag_8h": 55.6195699764428,
    "O3_lag_24h": 55.692317232258794,
    "O3_lag_48h": 55.74241197966222,
    "O3_rolling_24h": 55.52076823951235,
    "hour_sin": -0.0026484512630614,
    "hour_cos": 0.015971849393027853,
    "dow_sin": -0.007564720221196687,
    "dow_cos": -0.0046242859130247475,
    "month_sin": -0.0323571411128882,
    "month_cos": -0.03509236509781267
  },
  "feature_stds": {
    "SO2_current": 1.0129457177639205,
    "NO2_current": 13.075877510859923,
    "O3_current": 24.180223536790894,
    "O3_lag_8h": 24.172439400551077,
    "O3_lag_24h": 24.127742408189945,
    "O3_lag_48h": 24.13505830659452,
    "O3_rolling_24h": 18.92563785223872,
    "hour_sin": 0.7090224108475176,
    "hour_cos": 0.7050297764983371,
    "dow_sin": 0.7074072775676158,
    "dow_cos": 0.7067801789946181,
    "month_sin": 0.7058840257107816,
    "month_cos": 0.706746827522141
  },
  "feature_lower_bounds": {
    "SO2_current": 3.0,
    "NO2_current": 2.0,
    "O3_current": 4.75,
    "O3_lag_8h": 4.75,
    "O3_lag_24h": 4.75,
    "O3_lag_48h": 4.92,
    "O3_rolling_24h": 11.731458333333334,
    "hour_sin": -1.0,
    "hour_cos": -1.0,
    "dow_sin": -0.9749279121818236,
    "dow_cos": -0.9009688679024191,
    "month_sin": -1.0,
    "month_cos": -1.0
  },
  "feature_upper_bounds": {
    "SO2_current": 8.0,
    "NO2_current": 67.0,
    "O3_current": 107.5,
    "O3_lag_8h": 107.5,
    "O3_lag_24h": 107.45499999999993,
    "O3_lag_48h": 107.45499999999993,
    "O3_rolling_24h": 96.03083333333332,
    "hour_sin": 1.0,
    "hour_cos": 1.0,
    "dow_sin": 0.9749279121818236,
    "dow_cos": 1.0,
    "month_sin": 1.0,
    "month_cos": 1.0
  },
  "model_type": "ridge_numpy_winsorized",
  "station": "València - Vivers",
  "pollutant": "O3",
  "horizon_hours": 24,
  "target_window_hours": 8,
  "alpha": 5.0,
  "feature_clip_quantile": 0.005,
  "feature_names": [
    "SO2_current",
    "NO2_current",
    "O3_current",
    "O3_lag_8h",
    "O3_lag_24h",
    "O3_lag_48h",
    "O3_rolling_24h",
    "hour_sin",
    "hour_cos",
    "dow_sin",
    "dow_cos",
    "month_sin",
    "month_cos"
  ],
  "selected_strategy": "ridge",
  "trained_at_utc": "2026-06-23T13:42:17+00:00",
  "source_file": "data/time/filtrado_València - Vivers.csv",
  "source_start": "2019-01-01 00:00:00",
  "source_end": "2025-01-31 23:00:00",
  "selection_train_start": "2022-02-01 23:00:00",
  "selection_train_end": "2024-11-29 22:00:00",
  "validation_start": "2024-11-30 23:00:00",
  "validation_end": "2024-12-30 22:00:00",
  "train_start": "2022-02-01 23:00:00",
  "train_end": "2024-12-30 22:00:00",
  "test_start": "2024-12-31 23:00:00",
  "test_end": "2025-01-30 23:00:00",
  "selection_train_rows": 23157,
  "validation_rows": 716,
  "train_rows": 23873,
  "test_rows": 719,
  "metrics": {
    "mae": 11.8371601758222,
    "rmse": 14.639205076580305,
    "r2": 0.27463759452064984
  },
  "baseline_metrics": {
    "mae": 13.286409696006357,
    "rmse": 16.745247426040446,
    "r2": 0.05091919162090286
  },
  "validation_metrics": {
    "mae": 12.181813128102847,
    "rmse": 15.448898608377236,
    "r2": 0.04951847890730232
  },
  "validation_baseline_metrics": {
    "mae": 13.769237164139398,
    "rmse": 18.258266615088424,
    "r2": -0.3276014595226069
  },
  "beats_baseline_mae": true
}