{
  "intercept": 3.334297638243384,
  "coefficients": [
    0.27438517883886937,
    -0.022834675408485067,
    -0.00801217463406162,
    -0.03543843324600205,
    0.04045756947376737,
    0.0016433899574624148,
    -0.017846519015823736,
    0.04454016560817449,
    0.23367159220730008,
    -0.006563838211201037,
    0.06394486078449414,
    0.010358641419155913,
    -0.008480043087667184,
    0.023775252891551857,
    -0.007356917866404973
  ],
  "feature_means": {
    "SO2_current": 3.3273736128236746,
    "NO2_current": 11.196528502323817,
    "O3_current": 54.35857772647615,
    "PM10_current": 15.014420372495904,
    "PM2.5_current": 9.893898122061575,
    "SO2_lag_8h": 3.326282841695912,
    "SO2_lag_24h": 3.3302665275538272,
    "SO2_lag_48h": 3.322156881343071,
    "SO2_rolling_24h": 3.332027722570799,
    "hour_sin": -0.005840511318800765,
    "hour_cos": 0.007183478804647176,
    "dow_sin": -0.016057323173437048,
    "dow_cos": 0.010092663899999231,
    "month_sin": -0.006707020991373341,
    "month_cos": -0.050115453056412046
  },
  "feature_stds": {
    "SO2_current": 0.6882991705605327,
    "NO2_current": 11.702731675309343,
    "O3_current": 23.100123602965322,
    "PM10_current": 7.678806017727111,
    "PM2.5_current": 5.993702787734793,
    "SO2_lag_8h": 0.6876799240409208,
    "SO2_lag_24h": 0.7101694949140347,
    "SO2_lag_48h": 0.6842025940539871,
    "SO2_rolling_24h": 0.5907822413579379,
    "hour_sin": 0.7074206371099142,
    "hour_cos": 0.7067656975734754,
    "dow_sin": 0.7084524463846434,
    "dow_cos": 0.7055372716879739,
    "month_sin": 0.7230265829353267,
    "month_cos": 0.6890016860899509
  },
  "feature_lower_bounds": {
    "SO2_current": 3.0,
    "NO2_current": 1.0,
    "O3_current": 2.25,
    "PM10_current": 2.375,
    "PM2.5_current": 1.125,
    "SO2_lag_8h": 3.0,
    "SO2_lag_24h": 3.0,
    "SO2_lag_48h": 3.0,
    "SO2_rolling_24h": 3.0,
    "hour_sin": -1.0,
    "hour_cos": -1.0,
    "dow_sin": -0.9749279121818236,
    "dow_cos": -0.9009688679024191,
    "month_sin": -1.0,
    "month_cos": -1.0
  },
  "feature_upper_bounds": {
    "SO2_current": 6.0,
    "NO2_current": 64.0,
    "O3_current": 110.69687500000009,
    "PM10_current": 46.291666666666664,
    "PM2.5_current": 38.208333333333336,
    "SO2_lag_8h": 6.0,
    "SO2_lag_24h": 7.0,
    "SO2_lag_48h": 6.0,
    "SO2_rolling_24h": 5.75,
    "hour_sin": 1.0,
    "hour_cos": 1.0,
    "dow_sin": 0.9749279121818236,
    "dow_cos": 1.0,
    "month_sin": 1.0,
    "month_cos": 1.0
  },
  "model_type": "ridge_numpy_winsorized",
  "station": "València - Politècnic",
  "pollutant": "SO2",
  "horizon_hours": 8,
  "target_window_hours": 1,
  "alpha": 5.0,
  "feature_clip_quantile": 0.005,
  "feature_names": [
    "SO2_current",
    "NO2_current",
    "O3_current",
    "PM10_current",
    "PM2.5_current",
    "SO2_lag_8h",
    "SO2_lag_24h",
    "SO2_lag_48h",
    "SO2_rolling_24h",
    "hour_sin",
    "hour_cos",
    "dow_sin",
    "dow_cos",
    "month_sin",
    "month_cos"
  ],
  "selected_strategy": "persistence",
  "trained_at_utc": "2026-06-23T13:42:17+00:00",
  "source_file": "data/time/filtrado_València - Politècnic.csv",
  "source_start": "2019-01-01 00:00:00",
  "source_end": "2025-01-31 23:00:00",
  "selection_train_start": "2022-02-01 23:00:00",
  "selection_train_end": "2024-11-30 14:00:00",
  "validation_start": "2024-11-30 23:00:00",
  "validation_end": "2024-12-31 14:00:00",
  "train_start": "2022-02-01 23:00:00",
  "train_end": "2024-12-31 14:00:00",
  "test_start": "2024-12-31 23:00:00",
  "test_end": "2025-01-31 15:00:00",
  "selection_train_rows": 20360,
  "validation_rows": 726,
  "train_rows": 21086,
  "test_rows": 702,
  "metrics": {
    "mae": 0.08919867696095599,
    "rmse": 0.13951245423892747,
    "r2": -0.9715933154351559
  },
  "baseline_metrics": {
    "mae": 0.017094017094017096,
    "rmse": 0.1307440900921227,
    "r2": -0.7315519013360743
  },
  "validation_metrics": {
    "mae": 0.1349063112685001,
    "rmse": 0.2880568767698323,
    "r2": -0.1950776313298459
  },
  "validation_baseline_metrics": {
    "mae": 0.0881542699724518,
    "rmse": 0.37113480951260275,
    "r2": -0.983823368674172
  },
  "beats_baseline_mae": false
}