{
  "intercept": 11.187740199846273,
  "coefficients": [
    -0.018517744227426483,
    3.8174498922811884,
    -0.2509728530377678,
    -1.429240061160974,
    1.695984073567811,
    -0.46783369211001535,
    1.1246444750079665,
    1.5623962057175413,
    0.7702741984705186,
    0.3324636852042657,
    0.3141395405454031,
    0.7623606850303135,
    0.727978448827629,
    0.49188531432905724,
    1.3406189027847886
  ],
  "feature_means": {
    "SO2_current": 3.3251825518831666,
    "NO2_current": 11.150701383551114,
    "O3_current": 54.51682378310183,
    "PM10_current": 14.996569513188138,
    "PM2.5_current": 9.883677819320098,
    "NO2_lag_8h": 11.165689853958494,
    "NO2_lag_24h": 11.117463729823209,
    "NO2_lag_48h": 11.135184473481937,
    "NO2_rolling_24h": 11.178686312556739,
    "hour_sin": -0.005774771129564956,
    "hour_cos": 0.016559833097135355,
    "dow_sin": -0.016184173688780473,
    "dow_cos": 0.007171328648952506,
    "month_sin": -0.006470608849756442,
    "month_cos": -0.053342402925580415
  },
  "feature_stds": {
    "SO2_current": 0.6857332492893535,
    "NO2_current": 11.692411170068722,
    "O3_current": 23.065419923436373,
    "PM10_current": 7.678121961754769,
    "PM2.5_current": 6.0010671885246545,
    "NO2_lag_8h": 11.7510397078474,
    "NO2_lag_24h": 11.723051498903523,
    "NO2_lag_48h": 11.76382528933412,
    "NO2_rolling_24h": 7.7255251911243095,
    "hour_sin": 0.7067072931579542,
    "hour_cos": 0.7073225948915304,
    "dow_sin": 0.708072835944792,
    "dow_cos": 0.7059515073908371,
    "month_sin": 0.722369272143739,
    "month_cos": 0.6894514177949628
  },
  "feature_lower_bounds": {
    "SO2_current": 3.0,
    "NO2_current": 1.0,
    "O3_current": 2.375,
    "PM10_current": 2.375,
    "PM2.5_current": 1.125,
    "NO2_lag_8h": 1.0,
    "NO2_lag_24h": 1.0,
    "NO2_lag_48h": 1.0,
    "NO2_rolling_24h": 1.125,
    "hour_sin": -1.0,
    "hour_cos": -1.0,
    "dow_sin": -0.9749279121818236,
    "dow_cos": -0.9009688679024191,
    "month_sin": -1.0,
    "month_cos": -1.0
  },
  "feature_upper_bounds": {
    "SO2_current": 6.0,
    "NO2_current": 64.0,
    "O3_current": 110.60624999999982,
    "PM10_current": 46.291666666666664,
    "PM2.5_current": 38.323958333333245,
    "NO2_lag_8h": 65.0,
    "NO2_lag_24h": 65.92499999999927,
    "NO2_lag_48h": 66.0,
    "NO2_rolling_24h": 46.458333333333336,
    "hour_sin": 1.0,
    "hour_cos": 1.0,
    "dow_sin": 0.9749279121818236,
    "dow_cos": 1.0,
    "month_sin": 1.0,
    "month_cos": 1.0
  },
  "model_type": "ridge_numpy_winsorized",
  "station": "València - Politècnic",
  "pollutant": "NO2",
  "horizon_hours": 24,
  "target_window_hours": 1,
  "alpha": 5.0,
  "feature_clip_quantile": 0.005,
  "feature_names": [
    "SO2_current",
    "NO2_current",
    "O3_current",
    "PM10_current",
    "PM2.5_current",
    "NO2_lag_8h",
    "NO2_lag_24h",
    "NO2_lag_48h",
    "NO2_rolling_24h",
    "hour_sin",
    "hour_cos",
    "dow_sin",
    "dow_cos",
    "month_sin",
    "month_cos"
  ],
  "selected_strategy": "ridge",
  "trained_at_utc": "2026-06-23T13:42:17+00:00",
  "source_file": "data/time/filtrado_València - Politècnic.csv",
  "source_start": "2019-01-01 00:00:00",
  "source_end": "2025-01-31 23:00:00",
  "selection_train_start": "2022-02-01 23:00:00",
  "selection_train_end": "2024-11-29 22:00:00",
  "validation_start": "2024-11-30 23:00:00",
  "validation_end": "2024-12-30 22:00:00",
  "train_start": "2022-02-01 23:00:00",
  "train_end": "2024-12-30 22:00:00",
  "test_start": "2024-12-31 23:00:00",
  "test_end": "2025-01-30 23:00:00",
  "selection_train_rows": 20106,
  "validation_rows": 710,
  "train_rows": 20816,
  "test_rows": 686,
  "metrics": {
    "mae": 8.94425983934718,
    "rmse": 12.209918463296617,
    "r2": 0.20700876844859184
  },
  "baseline_metrics": {
    "mae": 8.93002915451895,
    "rmse": 14.571728688385948,
    "r2": -0.1294448009166842
  },
  "validation_metrics": {
    "mae": 10.536331930394304,
    "rmse": 13.643086379023377,
    "r2": 0.1299187606518536
  },
  "validation_baseline_metrics": {
    "mae": 12.35492957746479,
    "rmse": 17.48737975524708,
    "r2": -0.4294995712374057
  },
  "beats_baseline_mae": false
}