{
  "intercept": 9.964444179646073,
  "coefficients": [
    0.1846995640033811,
    0.4084929440851045,
    0.21789979221074132,
    -0.3799050645140231,
    8.819173412978543,
    -3.733606975228787,
    1.1156441233707506,
    0.08668765352930509,
    -1.032502575371405,
    0.03278967178343034,
    -0.07678363268992686,
    0.02884202483445462,
    0.10096006614309241,
    0.09874570249152927,
    -0.11813779175468417
  ],
  "feature_means": {
    "SO2_current": 3.330426495115559,
    "NO2_current": 11.158799142244451,
    "O3_current": 54.46895429842178,
    "PM10_current": 15.00605962786876,
    "PM2.5_current": 9.893562209116896,
    "PM2.5_lag_8h": 9.884316645334215,
    "PM2.5_lag_24h": 9.869829520307983,
    "PM2.5_lag_48h": 9.890500924346666,
    "PM2.5_rolling_24h": 9.881224213764687,
    "hour_sin": 0.0002856932994030564,
    "hour_cos": 0.005447330133666363,
    "dow_sin": -0.015576246012292863,
    "dow_cos": 0.01379478748039593,
    "month_sin": 0.003806051179888526,
    "month_cos": -0.05080731490147629
  },
  "feature_stds": {
    "SO2_current": 0.6889750036159361,
    "NO2_current": 11.661633858014767,
    "O3_current": 23.086016037061633,
    "PM10_current": 7.66505877808462,
    "PM2.5_current": 5.989311741470755,
    "PM2.5_lag_8h": 5.990244834674721,
    "PM2.5_lag_24h": 5.988393224712596,
    "PM2.5_lag_48h": 6.070102492979615,
    "PM2.5_rolling_24h": 5.858850907779965,
    "hour_sin": 0.7074463162825578,
    "hour_cos": 0.7067797453878387,
    "dow_sin": 0.7086328961563942,
    "dow_cos": 0.7053042872471762,
    "month_sin": 0.7241443611551253,
    "month_cos": 0.6877983764037364
  },
  "feature_lower_bounds": {
    "SO2_current": 3.0,
    "NO2_current": 1.0,
    "O3_current": 2.375,
    "PM10_current": 2.4166666666666665,
    "PM2.5_current": 1.125,
    "PM2.5_lag_8h": 1.1666666666666667,
    "PM2.5_lag_24h": 1.125,
    "PM2.5_lag_48h": 1.125,
    "PM2.5_rolling_24h": 1.1768055555555563,
    "hour_sin": -1.0,
    "hour_cos": -1.0,
    "dow_sin": -0.9749279121818236,
    "dow_cos": -0.9009688679024191,
    "month_sin": -1.0,
    "month_cos": -1.0
  },
  "feature_upper_bounds": {
    "SO2_current": 6.0,
    "NO2_current": 64.07999999999811,
    "O3_current": 109.625,
    "PM10_current": 46.291666666666664,
    "PM2.5_current": 38.169999999999916,
    "PM2.5_lag_8h": 38.169999999999916,
    "PM2.5_lag_24h": 38.169999999999916,
    "PM2.5_lag_48h": 38.669999999999916,
    "PM2.5_rolling_24h": 37.57479166666666,
    "hour_sin": 1.0,
    "hour_cos": 1.0,
    "dow_sin": 0.9749279121818236,
    "dow_cos": 1.0,
    "month_sin": 1.0,
    "month_cos": 1.0
  },
  "model_type": "ridge_numpy_winsorized",
  "station": "València - Politècnic",
  "pollutant": "PM2.5",
  "horizon_hours": 24,
  "target_window_hours": 24,
  "alpha": 5.0,
  "feature_clip_quantile": 0.005,
  "feature_names": [
    "SO2_current",
    "NO2_current",
    "O3_current",
    "PM10_current",
    "PM2.5_current",
    "PM2.5_lag_8h",
    "PM2.5_lag_24h",
    "PM2.5_lag_48h",
    "PM2.5_rolling_24h",
    "hour_sin",
    "hour_cos",
    "dow_sin",
    "dow_cos",
    "month_sin",
    "month_cos"
  ],
  "selected_strategy": "ridge",
  "trained_at_utc": "2026-06-23T13:42:17+00:00",
  "source_file": "data/time/filtrado_València - Politècnic.csv",
  "source_start": "2019-01-01 00:00:00",
  "source_end": "2025-01-31 23:00:00",
  "selection_train_start": "2022-02-01 23:00:00",
  "selection_train_end": "2024-11-29 22:00:00",
  "validation_start": "2024-11-30 23:00:00",
  "validation_end": "2024-12-30 22:00:00",
  "train_start": "2022-02-01 23:00:00",
  "train_end": "2024-12-30 22:00:00",
  "test_start": "2024-12-31 23:00:00",
  "test_end": "2025-01-30 23:00:00",
  "selection_train_rows": 20267,
  "validation_rows": 718,
  "train_rows": 20985,
  "test_rows": 710,
  "metrics": {
    "mae": 2.9268064940495755,
    "rmse": 4.051156493276188,
    "r2": 0.41570325821161347
  },
  "baseline_metrics": {
    "mae": 3.2610214316200232,
    "rmse": 4.730135517235632,
    "r2": 0.20343248518443913
  },
  "validation_metrics": {
    "mae": 2.995750360984652,
    "rmse": 3.8611179047653548,
    "r2": 0.6504607842150216
  },
  "validation_baseline_metrics": {
    "mae": 3.431296585816993,
    "rmse": 4.532663444291885,
    "r2": 0.518299910499139
  },
  "beats_baseline_mae": true
}