{
  "intercept": 22.910549281314168,
  "coefficients": [
    -0.17874645393716038,
    -2.0566126868111794,
    1.329011089187676,
    -4.428337236482241,
    -3.670132442760816,
    -0.3214751061866531,
    14.04726265671374,
    0.5280843726040709,
    0.2663962634574016,
    1.3714206063412047,
    0.18649355697857573,
    1.029044570197298,
    2.4233206469245268
  ],
  "feature_means": {
    "NO2_current": 22.844327515400412,
    "PM10_current": 25.5888921195004,
    "PM2.5_current": 12.036464109272558,
    "NO2_lag_8h": 22.998459958932237,
    "NO2_lag_24h": 22.920003422313485,
    "NO2_lag_48h": 22.96937029431896,
    "NO2_rolling_24h": 22.96178959421118,
    "hour_sin": -0.005889849645833895,
    "hour_cos": 0.002440791508597194,
    "dow_sin": -0.02212746626877508,
    "dow_cos": -0.008393688051973307,
    "month_sin": -0.04499859471548895,
    "month_cos": -0.02105695592027476
  },
  "feature_stds": {
    "NO2_current": 17.108204877534707,
    "PM10_current": 11.919030874647605,
    "PM2.5_current": 6.358286042087873,
    "NO2_lag_8h": 17.21094533543719,
    "NO2_lag_24h": 17.09332472067435,
    "NO2_lag_48h": 17.144751547667507,
    "NO2_rolling_24h": 12.23756533934897,
    "hour_sin": 0.7063989801812299,
    "hour_cos": 0.7078153798954655,
    "dow_sin": 0.7078479603329655,
    "dow_cos": 0.7059985432548569,
    "month_sin": 0.7030389817794958,
    "month_cos": 0.709443864117359
  },
  "feature_lower_bounds": {
    "NO2_current": 4.0,
    "PM10_current": 6.416666666666667,
    "PM2.5_current": 2.5,
    "NO2_lag_8h": 4.0,
    "NO2_lag_24h": 4.0,
    "NO2_lag_48h": 4.0,
    "NO2_rolling_24h": 5.957859848484848,
    "hour_sin": -1.0,
    "hour_cos": -1.0,
    "dow_sin": -0.9749279121818236,
    "dow_cos": -0.9009688679024191,
    "month_sin": -1.0,
    "month_cos": -1.0
  },
  "feature_upper_bounds": {
    "NO2_current": 89.0,
    "PM10_current": 86.61458333333334,
    "PM2.5_current": 40.25135869565217,
    "NO2_lag_8h": 90.0,
    "NO2_lag_24h": 89.0,
    "NO2_lag_48h": 89.0,
    "NO2_rolling_24h": 61.375,
    "hour_sin": 1.0,
    "hour_cos": 1.0,
    "dow_sin": 0.9749279121818236,
    "dow_cos": 1.0,
    "month_sin": 1.0,
    "month_cos": 1.0
  },
  "model_type": "ridge_numpy_winsorized",
  "station": "València - Centre",
  "pollutant": "NO2",
  "horizon_hours": 8,
  "target_window_hours": 1,
  "alpha": 5.0,
  "feature_clip_quantile": 0.005,
  "feature_names": [
    "NO2_current",
    "PM10_current",
    "PM2.5_current",
    "NO2_lag_8h",
    "NO2_lag_24h",
    "NO2_lag_48h",
    "NO2_rolling_24h",
    "hour_sin",
    "hour_cos",
    "dow_sin",
    "dow_cos",
    "month_sin",
    "month_cos"
  ],
  "selected_strategy": "ridge",
  "trained_at_utc": "2026-06-23T13:42:17+00:00",
  "source_file": "data/time/filtrado_València - Centre.csv",
  "source_start": "2019-01-01 00:00:00",
  "source_end": "2025-01-31 23:00:00",
  "selection_train_start": "2022-02-01 23:00:00",
  "selection_train_end": "2024-11-30 14:00:00",
  "validation_start": "2024-11-30 23:00:00",
  "validation_end": "2024-12-31 14:00:00",
  "train_start": "2022-02-01 23:00:00",
  "train_end": "2024-12-31 14:00:00",
  "test_start": "2025-01-01 00:00:00",
  "test_end": "2025-01-31 15:00:00",
  "selection_train_rows": 22663,
  "validation_rows": 713,
  "train_rows": 23376,
  "test_rows": 692,
  "metrics": {
    "mae": 10.995723628572918,
    "rmse": 13.446435771493022,
    "r2": 0.2671554850049017
  },
  "baseline_metrics": {
    "mae": 15.580924855491329,
    "rmse": 20.21345628607096,
    "r2": -0.6560697998228904
  },
  "validation_metrics": {
    "mae": 12.547098137588922,
    "rmse": 15.755025597232015,
    "r2": 0.13309631875581318
  },
  "validation_baseline_metrics": {
    "mae": 19.241234221598877,
    "rmse": 24.123251777016613,
    "r2": -1.032377228226986
  },
  "beats_baseline_mae": true
}