{
  "intercept": 12.023198385844145,
  "coefficients": [
    0.456156942173609,
    -0.3803030524214144,
    8.664522363408759,
    -3.0703987796267,
    1.2362343752921578,
    0.04953605729794393,
    -1.8782284155576525,
    -0.00776366833123861,
    -0.00029057773224256073,
    -0.08768776750866916,
    0.06403082239744073,
    -0.1258422192392998,
    0.01908260278200512
  ],
  "feature_means": {
    "NO2_current": 22.86419971671388,
    "PM10_current": 25.55736627177453,
    "PM2.5_current": 12.003973047346154,
    "PM2.5_lag_8h": 12.000197052326223,
    "PM2.5_lag_24h": 11.986817716636777,
    "PM2.5_lag_48h": 12.01726678672891,
    "PM2.5_rolling_24h": 12.00093444380253,
    "hour_sin": -0.002519017153542079,
    "hour_cos": 0.0013560511409913337,
    "dow_sin": -0.015399226717404499,
    "dow_cos": 0.0009007095720197968,
    "month_sin": -0.07106889417794438,
    "month_cos": -0.009861155651235992
  },
  "feature_stds": {
    "NO2_current": 17.170677380048136,
    "PM10_current": 11.93439040121691,
    "PM2.5_current": 6.365987485909576,
    "PM2.5_lag_8h": 6.368302272591224,
    "PM2.5_lag_24h": 6.375905995861336,
    "PM2.5_lag_48h": 6.40140753173734,
    "PM2.5_rolling_24h": 6.183105138494609,
    "hour_sin": 0.7067595901629804,
    "hour_cos": 0.7074793017775787,
    "dow_sin": 0.7069919044143479,
    "dow_cos": 0.7070846869464291,
    "month_sin": 0.6969200218677672,
    "month_cos": 0.713581453336167
  },
  "feature_lower_bounds": {
    "NO2_current": 4.0,
    "PM10_current": 6.375,
    "PM2.5_current": 2.540863095238095,
    "PM2.5_lag_8h": 2.5207608695652173,
    "PM2.5_lag_24h": 2.5207608695652173,
    "PM2.5_lag_48h": 2.5207608695652173,
    "PM2.5_rolling_24h": 2.7446354166666667,
    "hour_sin": -1.0,
    "hour_cos": -1.0,
    "dow_sin": -0.9749279121818236,
    "dow_cos": -0.9009688679024191,
    "month_sin": -1.0,
    "month_cos": -1.0
  },
  "feature_upper_bounds": {
    "NO2_current": 89.0,
    "PM10_current": 88.67041666666653,
    "PM2.5_current": 40.5,
    "PM2.5_lag_8h": 40.5,
    "PM2.5_lag_24h": 40.66854166666659,
    "PM2.5_lag_48h": 40.547291666666446,
    "PM2.5_rolling_24h": 38.7914149305555,
    "hour_sin": 1.0,
    "hour_cos": 1.0,
    "dow_sin": 0.9749279121818236,
    "dow_cos": 1.0,
    "month_sin": 1.0,
    "month_cos": 1.0
  },
  "model_type": "ridge_numpy_winsorized",
  "station": "València - Centre",
  "pollutant": "PM2.5",
  "horizon_hours": 24,
  "target_window_hours": 24,
  "alpha": 5.0,
  "feature_clip_quantile": 0.005,
  "feature_names": [
    "NO2_current",
    "PM10_current",
    "PM2.5_current",
    "PM2.5_lag_8h",
    "PM2.5_lag_24h",
    "PM2.5_lag_48h",
    "PM2.5_rolling_24h",
    "hour_sin",
    "hour_cos",
    "dow_sin",
    "dow_cos",
    "month_sin",
    "month_cos"
  ],
  "selected_strategy": "ridge",
  "trained_at_utc": "2026-06-23T13:42:17+00:00",
  "source_file": "data/time/filtrado_València - Centre.csv",
  "source_start": "2019-01-01 00:00:00",
  "source_end": "2025-01-31 23:00:00",
  "selection_train_start": "2022-02-01 23:00:00",
  "selection_train_end": "2024-11-29 22:00:00",
  "validation_start": "2024-11-30 23:00:00",
  "validation_end": "2024-12-30 22:00:00",
  "train_start": "2022-02-01 23:00:00",
  "train_end": "2024-12-30 22:00:00",
  "test_start": "2024-12-31 23:00:00",
  "test_end": "2025-01-30 23:00:00",
  "selection_train_rows": 21876,
  "validation_rows": 716,
  "train_rows": 22592,
  "test_rows": 713,
  "metrics": {
    "mae": 3.3917051473723294,
    "rmse": 4.3810661583300305,
    "r2": 0.453330683250296
  },
  "baseline_metrics": {
    "mae": 3.852921094597416,
    "rmse": 5.357608083339365,
    "r2": 0.1824638640627375
  },
  "validation_metrics": {
    "mae": 4.282727748117606,
    "rmse": 5.552532458415542,
    "r2": 0.5833236952111486
  },
  "validation_baseline_metrics": {
    "mae": 4.760052323698486,
    "rmse": 6.49721051042358,
    "r2": 0.4294805321272428
  },
  "beats_baseline_mae": true
}