{
  "intercept": 3.5127067365873335,
  "coefficients": [
    0.038264013080214196,
    -0.04818843260943992,
    -0.03823156018974672,
    -0.06404353399703934,
    0.041411501042229,
    -0.12275304800939571,
    -0.12894697702720723,
    0.01664181199938319,
    0.804251002544702,
    0.03126501913270503,
    0.05943894168158434,
    0.02229626909316452,
    0.0292477333519722,
    0.009843886252268813,
    -0.008692515121016422
  ],
  "feature_means": {
    "SO2_current": 3.505949979830577,
    "NO2_current": 16.542759177087536,
    "O3_current": 53.96200644941317,
    "PM10_current": 13.6450480860768,
    "PM2.5_current": 9.379800711001188,
    "SO2_lag_8h": 3.500605082694635,
    "SO2_lag_24h": 3.487394110528439,
    "SO2_lag_48h": 3.4800826946349335,
    "SO2_rolling_24h": 3.500520123242894,
    "hour_sin": -0.0068666156367292635,
    "hour_cos": 0.0035061521152365696,
    "dow_sin": -0.020059122560225556,
    "dow_cos": 0.007021967717824654,
    "month_sin": 0.03128884802624214,
    "month_cos": -0.03604979446875716
  },
  "feature_stds": {
    "SO2_current": 0.9977863123972064,
    "NO2_current": 12.857060545101893,
    "O3_current": 23.680187861303683,
    "PM10_current": 9.164306826198509,
    "PM2.5_current": 7.38946870306078,
    "SO2_lag_8h": 0.9885123217783588,
    "SO2_lag_24h": 0.9694763792811811,
    "SO2_lag_48h": 0.9602595297095744,
    "SO2_rolling_24h": 0.7438213309110984,
    "hour_sin": 0.7067038782231209,
    "hour_cos": 0.7075030799186752,
    "dow_sin": 0.7078234135588546,
    "dow_cos": 0.7061053335825088,
    "month_sin": 0.701758908422948,
    "month_cos": 0.7108489051532966
  },
  "feature_lower_bounds": {
    "SO2_current": 3.0,
    "NO2_current": 1.0,
    "O3_current": 5.125,
    "PM10_current": 1.625,
    "PM2.5_current": 1.0,
    "SO2_lag_8h": 3.0,
    "SO2_lag_24h": 3.0,
    "SO2_lag_48h": 3.0,
    "SO2_rolling_24h": 3.0,
    "hour_sin": -1.0,
    "hour_cos": -1.0,
    "dow_sin": -0.9749279121818236,
    "dow_cos": -0.9009688679024191,
    "month_sin": -1.0,
    "month_cos": -1.0
  },
  "feature_upper_bounds": {
    "SO2_current": 9.0,
    "NO2_current": 63.0,
    "O3_current": 108.875,
    "PM10_current": 46.29074404761905,
    "PM2.5_current": 39.833333333333336,
    "SO2_lag_8h": 9.0,
    "SO2_lag_24h": 9.0,
    "SO2_lag_48h": 9.0,
    "SO2_rolling_24h": 7.0,
    "hour_sin": 1.0,
    "hour_cos": 1.0,
    "dow_sin": 0.9749279121818236,
    "dow_cos": 1.0,
    "month_sin": 1.0,
    "month_cos": 1.0
  },
  "model_type": "ridge_numpy_winsorized",
  "station": "València - Molí del Sol",
  "pollutant": "SO2",
  "horizon_hours": 8,
  "target_window_hours": 1,
  "alpha": 5.0,
  "feature_clip_quantile": 0.005,
  "feature_names": [
    "SO2_current",
    "NO2_current",
    "O3_current",
    "PM10_current",
    "PM2.5_current",
    "SO2_lag_8h",
    "SO2_lag_24h",
    "SO2_lag_48h",
    "SO2_rolling_24h",
    "hour_sin",
    "hour_cos",
    "dow_sin",
    "dow_cos",
    "month_sin",
    "month_cos"
  ],
  "selected_strategy": "ridge",
  "trained_at_utc": "2026-06-23T13:42:17+00:00",
  "source_file": "data/time/filtrado_València - Molí del Sol.csv",
  "source_start": "2019-01-01 00:00:00",
  "source_end": "2025-01-31 23:00:00",
  "selection_train_start": "2022-02-01 23:00:00",
  "selection_train_end": "2024-11-30 14:00:00",
  "validation_start": "2024-11-30 23:00:00",
  "validation_end": "2024-12-23 03:00:00",
  "train_start": "2022-02-01 23:00:00",
  "train_end": "2024-12-23 03:00:00",
  "test_start": "2025-01-05 09:00:00",
  "test_end": "2025-01-31 15:00:00",
  "selection_train_rows": 19478,
  "validation_rows": 354,
  "train_rows": 19832,
  "test_rows": 480,
  "metrics": {
    "mae": 0.2617620435644682,
    "rmse": 0.3863406336755027,
    "r2": 0.7706401849008044
  },
  "baseline_metrics": {
    "mae": 0.14166666666666666,
    "rmse": 0.3872983346207417,
    "r2": 0.7695016540390567
  },
  "validation_metrics": {
    "mae": 0.8163657301770474,
    "rmse": 1.1574407426944742,
    "r2": -0.09620023332285754
  },
  "validation_baseline_metrics": {
    "mae": 0.9774011299435028,
    "rmse": 1.474836005438521,
    "r2": -0.7798353237696625
  },
  "beats_baseline_mae": false
}