{
  "intercept": 17.330937542646595,
  "coefficients": [
    0.038181492939992505,
    6.078951340589919,
    0.29866760140421517,
    -0.2098922442973438,
    2.0688075990661288,
    2.057403406767608,
    0.45088057449211955,
    0.1288753411005861,
    0.4601948703156158,
    1.1272231671503339,
    1.6269862004857618,
    0.7254300836557194,
    1.214059979268615
  ],
  "feature_means": {
    "SO2_current": 3.504116817540827,
    "NO2_current": 17.30136923986717,
    "O3_current": 51.22624490136318,
    "NO2_lag_8h": 17.312013828867762,
    "NO2_lag_24h": 17.328663057817405,
    "NO2_lag_48h": 17.421548469271713,
    "NO2_rolling_24h": 17.314038417991505,
    "hour_sin": -0.012317027167465917,
    "hour_cos": 0.008491998198544284,
    "dow_sin": -0.011130721505179493,
    "dow_cos": -0.0007460012466769419,
    "month_sin": -0.010365118794548092,
    "month_cos": 0.006272859184441972
  },
  "feature_stds": {
    "SO2_current": 1.199076492135535,
    "NO2_current": 15.483133818590689,
    "O3_current": 24.81331361015992,
    "NO2_lag_8h": 15.41684604241612,
    "NO2_lag_24h": 15.560361436371588,
    "NO2_lag_48h": 15.592809365742456,
    "NO2_rolling_24h": 10.097697618265011,
    "hour_sin": 0.707292140133236,
    "hour_cos": 0.7067952227470305,
    "dow_sin": 0.7078139603963028,
    "dow_cos": 0.7063430003146615,
    "month_sin": 0.7113926058090416,
    "month_cos": 0.7027227483431175
  },
  "feature_lower_bounds": {
    "SO2_current": 3.0,
    "NO2_current": 1.0,
    "O3_current": 1.5,
    "NO2_lag_8h": 1.0,
    "NO2_lag_24h": 1.0,
    "NO2_lag_48h": 1.0,
    "NO2_rolling_24h": 4.0,
    "hour_sin": -1.0,
    "hour_cos": -1.0,
    "dow_sin": -0.9749279121818236,
    "dow_cos": -0.9009688679024191,
    "month_sin": -1.0,
    "month_cos": -1.0
  },
  "feature_upper_bounds": {
    "SO2_current": 10.0,
    "NO2_current": 79.0,
    "O3_current": 104.5,
    "NO2_lag_8h": 78.0,
    "NO2_lag_24h": 79.0,
    "NO2_lag_48h": 79.09000000000015,
    "NO2_rolling_24h": 54.42416666666668,
    "hour_sin": 1.0,
    "hour_cos": 1.0,
    "dow_sin": 0.9749279121818236,
    "dow_cos": 1.0,
    "month_sin": 1.0,
    "month_cos": 1.0
  },
  "model_type": "ridge_numpy_winsorized",
  "station": "València - Bulevard Sud",
  "pollutant": "NO2",
  "horizon_hours": 24,
  "target_window_hours": 1,
  "alpha": 5.0,
  "feature_clip_quantile": 0.005,
  "feature_names": [
    "SO2_current",
    "NO2_current",
    "O3_current",
    "NO2_lag_8h",
    "NO2_lag_24h",
    "NO2_lag_48h",
    "NO2_rolling_24h",
    "hour_sin",
    "hour_cos",
    "dow_sin",
    "dow_cos",
    "month_sin",
    "month_cos"
  ],
  "selected_strategy": "ridge",
  "trained_at_utc": "2026-06-23T13:42:17+00:00",
  "source_file": "data/time/filtrado_València - Bulevard Sud.csv",
  "source_start": "2019-01-01 00:00:00",
  "source_end": "2025-01-31 23:00:00",
  "selection_train_start": "2022-02-01 23:00:00",
  "selection_train_end": "2024-11-29 22:00:00",
  "validation_start": "2024-11-30 23:00:00",
  "validation_end": "2024-12-30 22:00:00",
  "train_start": "2022-02-01 23:00:00",
  "train_end": "2024-12-30 22:00:00",
  "test_start": "2024-12-31 23:00:00",
  "test_end": "2025-01-30 23:00:00",
  "selection_train_rows": 21268,
  "validation_rows": 715,
  "train_rows": 21983,
  "test_rows": 576,
  "metrics": {
    "mae": 8.357257538306644,
    "rmse": 10.348141788681179,
    "r2": 0.28015419847833756
  },
  "baseline_metrics": {
    "mae": 7.164930555555555,
    "rmse": 11.355447175499323,
    "r2": 0.1331913886150502
  },
  "validation_metrics": {
    "mae": 8.14393312351167,
    "rmse": 10.26245137835566,
    "r2": 0.25835252107180007
  },
  "validation_baseline_metrics": {
    "mae": 8.416783216783216,
    "rmse": 12.492011433326086,
    "r2": -0.09890473785276455
  },
  "beats_baseline_mae": false
}