{
  "intercept": 27.890707431339013,
  "coefficients": [
    0.6152001585059561,
    17.211162150190443,
    1.122846217176989,
    -1.979150605246656,
    2.8906094681865175,
    -0.01615449078083172,
    -7.263110801209505,
    0.04261920582603437,
    0.0401371554228571,
    0.420942981546258,
    0.20544120550123915,
    -0.29635738193938543,
    0.13801273652305485
  ],
  "feature_means": {
    "NO2_current": 32.995975045280744,
    "PM10_current": 27.81810738614936,
    "PM2.5_current": 12.636761947554152,
    "PM10_lag_8h": 27.819830048105807,
    "PM10_lag_24h": 27.83382067886578,
    "PM10_lag_48h": 27.883581128997253,
    "PM10_rolling_24h": 27.844316068444563,
    "hour_sin": 0.00030825333643259845,
    "hour_cos": 0.0011217841286847577,
    "dow_sin": -0.0005040014087476504,
    "dow_cos": 0.005015143132954442,
    "month_sin": -0.02001640656612323,
    "month_cos": -0.025510234483805152
  },
  "feature_stds": {
    "NO2_current": 19.374589599950028,
    "PM10_current": 12.45501241783235,
    "PM2.5_current": 7.021367380143319,
    "PM10_lag_8h": 12.445047233610188,
    "PM10_lag_24h": 12.439981411291624,
    "PM10_lag_48h": 12.445043212132848,
    "PM10_rolling_24h": 11.973597891531186,
    "hour_sin": 0.7076868792409001,
    "hour_cos": 0.7065537337268784,
    "dow_sin": 0.7073183714177619,
    "dow_cos": 0.7069056273093698,
    "month_sin": 0.7088634202678914,
    "month_cos": 0.7046285770935113
  },
  "feature_lower_bounds": {
    "NO2_current": 4.0,
    "PM10_current": 7.5,
    "PM2.5_current": 2.375,
    "PM10_lag_8h": 7.5,
    "PM10_lag_24h": 7.5,
    "PM10_lag_48h": 7.5,
    "PM10_rolling_24h": 8.285486111111112,
    "hour_sin": -1.0,
    "hour_cos": -1.0,
    "dow_sin": -0.9749279121818236,
    "dow_cos": -0.9009688679024191,
    "month_sin": -1.0,
    "month_cos": -1.0
  },
  "feature_upper_bounds": {
    "NO2_current": 101.0,
    "PM10_current": 80.03249999999996,
    "PM2.5_current": 43.16249999999976,
    "PM10_lag_8h": 80.03249999999996,
    "PM10_lag_24h": 80.03249999999996,
    "PM10_lag_48h": 79.98166666666657,
    "PM10_rolling_24h": 77.54947916666661,
    "hour_sin": 1.0,
    "hour_cos": 1.0,
    "dow_sin": 0.9749279121818236,
    "dow_cos": 1.0,
    "month_sin": 1.0,
    "month_cos": 1.0
  },
  "model_type": "ridge_numpy_winsorized",
  "station": "València Olivereta",
  "pollutant": "PM10",
  "horizon_hours": 8,
  "target_window_hours": 24,
  "alpha": 5.0,
  "feature_clip_quantile": 0.005,
  "feature_names": [
    "NO2_current",
    "PM10_current",
    "PM2.5_current",
    "PM10_lag_8h",
    "PM10_lag_24h",
    "PM10_lag_48h",
    "PM10_rolling_24h",
    "hour_sin",
    "hour_cos",
    "dow_sin",
    "dow_cos",
    "month_sin",
    "month_cos"
  ],
  "selected_strategy": "ridge",
  "trained_at_utc": "2026-06-23T13:42:17+00:00",
  "source_file": "data/time/filtrado_València Olivereta.csv",
  "source_start": "2022-01-01 00:00:00",
  "source_end": "2025-01-31 23:00:00",
  "selection_train_start": "2022-02-01 23:00:00",
  "selection_train_end": "2024-11-30 14:00:00",
  "validation_start": "2024-11-30 23:00:00",
  "validation_end": "2024-12-31 14:00:00",
  "train_start": "2022-02-01 23:00:00",
  "train_end": "2024-12-31 14:00:00",
  "test_start": "2024-12-31 23:00:00",
  "test_end": "2025-01-31 15:00:00",
  "selection_train_rows": 24118,
  "validation_rows": 727,
  "train_rows": 24845,
  "test_rows": 729,
  "metrics": {
    "mae": 2.7387996392854697,
    "rmse": 3.745200871282086,
    "r2": 0.9013902631714866
  },
  "baseline_metrics": {
    "mae": 3.8672093173169064,
    "rmse": 5.237604168335692,
    "r2": 0.807143218230222
  },
  "validation_metrics": {
    "mae": 4.8403815035911775,
    "rmse": 7.180872558360068,
    "r2": 0.8361507186636479
  },
  "validation_baseline_metrics": {
    "mae": 5.7325850581967215,
    "rmse": 8.001518248220089,
    "r2": 0.7965606767428821
  },
  "beats_baseline_mae": true
}