{
  "intercept": 54.32234016419425,
  "coefficients": [
    0.19194156074632993,
    0.43874517818366665,
    10.254804533699652,
    1.397753652620233,
    -1.5176978692986969,
    0.2157717922419384,
    3.118954631641393,
    2.632344239327238,
    -0.2516023558663055,
    -3.314495942732294,
    1.4085232352119705,
    -0.6006088786785123,
    -1.3742372977120851,
    0.8430160882592238,
    -4.266860555587317
  ],
  "feature_means": {
    "SO2_current": 3.331970330924306,
    "NO2_current": 11.186810574362875,
    "O3_current": 54.387384190077704,
    "PM10_current": 14.99630057864983,
    "PM2.5_current": 9.88332110355669,
    "O3_lag_8h": 54.37112323737978,
    "O3_lag_24h": 54.42729841658517,
    "O3_lag_48h": 54.441686064545635,
    "O3_rolling_24h": 54.3363919856461,
    "hour_sin": -0.0006905533083419012,
    "hour_cos": 0.010315821959917398,
    "dow_sin": -0.01048025956231128,
    "dow_cos": 0.008013682704331922,
    "month_sin": -0.0026739117128483166,
    "month_cos": -0.05129776993083625
  },
  "feature_stds": {
    "SO2_current": 0.6917661453565298,
    "NO2_current": 11.69657238616361,
    "O3_current": 23.093522944486836,
    "PM10_current": 7.650104708957686,
    "PM2.5_current": 5.972252512126905,
    "O3_lag_8h": 23.069678702577026,
    "O3_lag_24h": 23.073309434047736,
    "O3_lag_48h": 23.110064775475298,
    "O3_rolling_24h": 17.674758747927186,
    "hour_sin": 0.7082197209370344,
    "hour_cos": 0.7059500531929427,
    "dow_sin": 0.7079700005735932,
    "dow_cos": 0.7061529323858542,
    "month_sin": 0.7228712852420659,
    "month_cos": 0.6891051569696851
  },
  "feature_lower_bounds": {
    "SO2_current": 3.0,
    "NO2_current": 1.0,
    "O3_current": 2.375,
    "PM10_current": 2.3814583333333332,
    "PM2.5_current": 1.1666666666666667,
    "O3_lag_8h": 2.375,
    "O3_lag_24h": 2.125,
    "O3_lag_48h": 2.125,
    "O3_rolling_24h": 10.449531250000001,
    "hour_sin": -1.0,
    "hour_cos": -1.0,
    "dow_sin": -0.9749279121818236,
    "dow_cos": -0.9009688679024191,
    "month_sin": -1.0,
    "month_cos": -1.0
  },
  "feature_upper_bounds": {
    "SO2_current": 6.0,
    "NO2_current": 64.0,
    "O3_current": 109.625,
    "PM10_current": 46.28520833333338,
    "PM2.5_current": 38.16020833333338,
    "O3_lag_8h": 109.83625000000029,
    "O3_lag_24h": 109.98062500000015,
    "O3_lag_48h": 110.58625000000029,
    "O3_rolling_24h": 93.01556175595239,
    "hour_sin": 1.0,
    "hour_cos": 1.0,
    "dow_sin": 0.9749279121818236,
    "dow_cos": 1.0,
    "month_sin": 1.0,
    "month_cos": 1.0
  },
  "model_type": "ridge_numpy_winsorized",
  "station": "València - Politècnic",
  "pollutant": "O3",
  "horizon_hours": 24,
  "target_window_hours": 8,
  "alpha": 5.0,
  "feature_clip_quantile": 0.005,
  "feature_names": [
    "SO2_current",
    "NO2_current",
    "O3_current",
    "PM10_current",
    "PM2.5_current",
    "O3_lag_8h",
    "O3_lag_24h",
    "O3_lag_48h",
    "O3_rolling_24h",
    "hour_sin",
    "hour_cos",
    "dow_sin",
    "dow_cos",
    "month_sin",
    "month_cos"
  ],
  "selected_strategy": "ridge",
  "trained_at_utc": "2026-06-23T13:42:17+00:00",
  "source_file": "data/time/filtrado_València - Politècnic.csv",
  "source_start": "2019-01-01 00:00:00",
  "source_end": "2025-01-31 23:00:00",
  "selection_train_start": "2022-02-01 23:00:00",
  "selection_train_end": "2024-11-29 22:00:00",
  "validation_start": "2024-11-30 23:00:00",
  "validation_end": "2024-12-30 22:00:00",
  "train_start": "2022-02-01 23:00:00",
  "train_end": "2024-12-30 22:00:00",
  "test_start": "2024-12-31 23:00:00",
  "test_end": "2025-01-30 23:00:00",
  "selection_train_rows": 20314,
  "validation_rows": 718,
  "train_rows": 21032,
  "test_rows": 686,
  "metrics": {
    "mae": 10.501327890381823,
    "rmse": 13.025000502039841,
    "r2": 0.27568540846898015
  },
  "baseline_metrics": {
    "mae": 12.064218034152436,
    "rmse": 15.120836505268183,
    "r2": 0.023834685560519597
  },
  "validation_metrics": {
    "mae": 10.840584285238352,
    "rmse": 13.553238025402923,
    "r2": 0.0803297692949525
  },
  "validation_baseline_metrics": {
    "mae": 12.07132908873856,
    "rmse": 15.81142944116804,
    "r2": -0.2516654553392106
  },
  "beats_baseline_mae": true
}