{
  "intercept": 3.454194836426335,
  "coefficients": [
    0.18958974543656512,
    -0.006848238535705482,
    0.0410738583037656,
    0.011431911261634701,
    -0.010039756071275921,
    -0.02008016397776938,
    0.11093022306093836,
    0.1038734143360599,
    0.14009802487581507,
    0.0512686216579665,
    0.024741318387244953,
    0.010994967112246505,
    0.003284484649311913,
    0.018659392257819207,
    -0.000276321474315353
  ],
  "feature_means": {
    "SO2_current": 3.448432324515631,
    "NO2_current": 14.153682108988612,
    "O3_current": 53.33636367564858,
    "PM10_current": 19.39720377235162,
    "PM2.5_current": 9.77066028708501,
    "SO2_lag_8h": 3.4583692545033804,
    "SO2_lag_24h": 3.444575525205318,
    "SO2_lag_48h": 3.451427015744816,
    "SO2_rolling_24h": 3.4579422876588795,
    "hour_sin": -0.009701283976437608,
    "hour_cos": 0.007455348112968558,
    "dow_sin": -0.0033578129922506197,
    "dow_cos": 0.002669516822604568,
    "month_sin": 0.05204293416757954,
    "month_cos": -0.03176070720628372
  },
  "feature_stds": {
    "SO2_current": 0.7133724364515309,
    "NO2_current": 12.976660023241259,
    "O3_current": 23.179078133982138,
    "PM10_current": 11.538060853226561,
    "PM2.5_current": 6.793978885274614,
    "SO2_lag_8h": 0.7439001969318344,
    "SO2_lag_24h": 0.71053323190289,
    "SO2_lag_48h": 0.7350701929745107,
    "SO2_rolling_24h": 0.518757531340527,
    "hour_sin": 0.7047659037919142,
    "hour_cos": 0.7093664025747781,
    "dow_sin": 0.7089197580431017,
    "dow_cos": 0.7053082664774699,
    "month_sin": 0.7019480786893114,
    "month_cos": 0.7096456107107844
  },
  "feature_lower_bounds": {
    "SO2_current": 3.0,
    "NO2_current": 1.0,
    "O3_current": 4.375,
    "PM10_current": 2.625,
    "PM2.5_current": 1.5,
    "SO2_lag_8h": 3.0,
    "SO2_lag_24h": 3.0,
    "SO2_lag_48h": 3.0,
    "SO2_rolling_24h": 3.0,
    "hour_sin": -1.0,
    "hour_cos": -1.0,
    "dow_sin": -0.9749279121818236,
    "dow_cos": -0.9009688679024191,
    "month_sin": -1.0,
    "month_cos": -1.0
  },
  "feature_upper_bounds": {
    "SO2_current": 6.0,
    "NO2_current": 71.0,
    "O3_current": 107.5,
    "PM10_current": 61.19250000000011,
    "PM2.5_current": 39.08626811594203,
    "SO2_lag_8h": 7.0,
    "SO2_lag_24h": 6.0,
    "SO2_lag_48h": 7.0,
    "SO2_rolling_24h": 5.666666666666667,
    "hour_sin": 1.0,
    "hour_cos": 1.0,
    "dow_sin": 0.9749279121818236,
    "dow_cos": 1.0,
    "month_sin": 1.0,
    "month_cos": 1.0
  },
  "model_type": "ridge_numpy_winsorized",
  "station": "València - Av. França",
  "pollutant": "SO2",
  "horizon_hours": 24,
  "target_window_hours": 1,
  "alpha": 5.0,
  "feature_clip_quantile": 0.005,
  "feature_names": [
    "SO2_current",
    "NO2_current",
    "O3_current",
    "PM10_current",
    "PM2.5_current",
    "SO2_lag_8h",
    "SO2_lag_24h",
    "SO2_lag_48h",
    "SO2_rolling_24h",
    "hour_sin",
    "hour_cos",
    "dow_sin",
    "dow_cos",
    "month_sin",
    "month_cos"
  ],
  "selected_strategy": "persistence",
  "trained_at_utc": "2026-06-23T13:42:17+00:00",
  "source_file": "data/time/filtrado_València - Av. França.csv",
  "source_start": "2019-01-01 00:00:00",
  "source_end": "2025-01-31 23:00:00",
  "selection_train_start": "2022-02-01 23:00:00",
  "selection_train_end": "2024-11-29 22:00:00",
  "validation_start": "2024-11-30 23:00:00",
  "validation_end": "2024-12-30 22:00:00",
  "train_start": "2022-02-01 23:00:00",
  "train_end": "2024-12-30 22:00:00",
  "test_start": "2024-12-31 23:00:00",
  "test_end": "2025-01-30 23:00:00",
  "selection_train_rows": 21393,
  "validation_rows": 646,
  "train_rows": 22039,
  "test_rows": 686,
  "metrics": {
    "mae": 0.23342727693376344,
    "rmse": 0.39914985818026066,
    "r2": -0.1476624691520685
  },
  "baseline_metrics": {
    "mae": 0.16763848396501457,
    "rmse": 0.502181828545481,
    "r2": -0.8166204901345497
  },
  "validation_metrics": {
    "mae": 0.08002705480869293,
    "rmse": 0.15635381182468988,
    "r2": -0.4522308375008228
  },
  "validation_baseline_metrics": {
    "mae": 0.02476780185758514,
    "rmse": 0.1759538357694467,
    "r2": -0.8391459074733099
  },
  "beats_baseline_mae": false
}