{
  "intercept": 16.481430466278947,
  "coefficients": [
    -0.04304367890509868,
    0.008318728841234349,
    -0.6626718410589556,
    0.0031482581987771607,
    -0.029628026995298436,
    -2.8136398855741414,
    -2.497457505029058,
    -0.13308467873886712,
    8.96100234907771,
    -0.5475544834362143,
    -0.08078019339987094,
    0.82533609403185,
    0.48092119030623914,
    0.7542260995490195,
    0.9873589124115615
  ],
  "feature_means": {
    "SO2_current": 3.519742883379247,
    "NO2_current": 16.503622079379657,
    "O3_current": 53.86132215614539,
    "PM10_current": 13.584200834305802,
    "PM2.5_current": 9.357279062369571,
    "NO2_lag_8h": 16.532394653606776,
    "NO2_lag_24h": 16.53178247117641,
    "NO2_lag_48h": 16.588256300377513,
    "NO2_rolling_24h": 16.545136569867278,
    "hour_sin": -0.009263412681521742,
    "hour_cos": 0.004366874325029887,
    "dow_sin": -0.023415188416548726,
    "dow_cos": 0.008716619261792555,
    "month_sin": 0.023955852049940055,
    "month_cos": -0.01976851302621853
  },
  "feature_stds": {
    "SO2_current": 1.0111580818563854,
    "NO2_current": 12.879794240602005,
    "O3_current": 23.724733939063285,
    "PM10_current": 9.19536498651195,
    "PM2.5_current": 7.4167662255601865,
    "NO2_lag_8h": 12.851297825232043,
    "NO2_lag_24h": 12.853744552423334,
    "NO2_lag_48h": 12.89126351829907,
    "NO2_rolling_24h": 8.722033184984022,
    "hour_sin": 0.7068374964158634,
    "hour_cos": 0.7073378865217437,
    "dow_sin": 0.7073999155086043,
    "dow_cos": 0.7064078814650515,
    "month_sin": 0.70298222480277,
    "month_cos": 0.7105647635833546
  },
  "feature_lower_bounds": {
    "SO2_current": 3.0,
    "NO2_current": 1.0,
    "O3_current": 5.125,
    "PM10_current": 1.6666666666666667,
    "PM2.5_current": 1.0,
    "NO2_lag_8h": 1.0,
    "NO2_lag_24h": 1.0,
    "NO2_lag_48h": 1.0,
    "NO2_rolling_24h": 2.375,
    "hour_sin": -1.0,
    "hour_cos": -1.0,
    "dow_sin": -0.9749279121818236,
    "dow_cos": -0.9009688679024191,
    "month_sin": -1.0,
    "month_cos": -1.0
  },
  "feature_upper_bounds": {
    "SO2_current": 9.0,
    "NO2_current": 63.0,
    "O3_current": 108.875,
    "PM10_current": 46.291666666666664,
    "PM2.5_current": 39.85702380952378,
    "NO2_lag_8h": 63.0,
    "NO2_lag_24h": 63.0,
    "NO2_lag_48h": 63.0,
    "NO2_rolling_24h": 43.83312499999996,
    "hour_sin": 1.0,
    "hour_cos": 1.0,
    "dow_sin": 0.9749279121818236,
    "dow_cos": 1.0,
    "month_sin": 1.0,
    "month_cos": 1.0
  },
  "model_type": "ridge_numpy_winsorized",
  "station": "València - Molí del Sol",
  "pollutant": "NO2",
  "horizon_hours": 8,
  "target_window_hours": 1,
  "alpha": 5.0,
  "feature_clip_quantile": 0.005,
  "feature_names": [
    "SO2_current",
    "NO2_current",
    "O3_current",
    "PM10_current",
    "PM2.5_current",
    "NO2_lag_8h",
    "NO2_lag_24h",
    "NO2_lag_48h",
    "NO2_rolling_24h",
    "hour_sin",
    "hour_cos",
    "dow_sin",
    "dow_cos",
    "month_sin",
    "month_cos"
  ],
  "selected_strategy": "ridge",
  "trained_at_utc": "2026-06-23T13:42:17+00:00",
  "source_file": "data/time/filtrado_València - Molí del Sol.csv",
  "source_start": "2019-01-01 00:00:00",
  "source_end": "2025-01-31 23:00:00",
  "selection_train_start": "2022-02-01 23:00:00",
  "selection_train_end": "2024-11-30 14:00:00",
  "validation_start": "2024-11-30 23:00:00",
  "validation_end": "2024-12-23 03:00:00",
  "train_start": "2022-02-01 23:00:00",
  "train_end": "2024-12-23 03:00:00",
  "test_start": "2025-01-05 09:00:00",
  "test_end": "2025-01-31 15:00:00",
  "selection_train_rows": 19248,
  "validation_rows": 354,
  "train_rows": 19602,
  "test_rows": 416,
  "metrics": {
    "mae": 8.664522695416906,
    "rmse": 11.26708679429026,
    "r2": 0.1561129522221576
  },
  "baseline_metrics": {
    "mae": 11.463942307692308,
    "rmse": 16.420188675951508,
    "r2": -0.7923273324051812
  },
  "validation_metrics": {
    "mae": 12.713131170278666,
    "rmse": 16.132951366633648,
    "r2": 0.14257441327432696
  },
  "validation_baseline_metrics": {
    "mae": 20.07909604519774,
    "rmse": 25.584909040711263,
    "r2": -1.1564358573583946
  },
  "beats_baseline_mae": true
}