{
  "intercept": 33.035525781567195,
  "coefficients": [
    7.917859804238976,
    -0.8987711993218019,
    0.09689658294213772,
    -0.43205375683961106,
    2.839100517335773,
    3.441299106367158,
    -0.46155315557853094,
    -0.2532383297036736,
    -0.1996478486904647,
    2.2577878333429857,
    2.5609341843035835,
    0.9760522916086035,
    1.4887906326870801
  ],
  "feature_means": {
    "NO2_current": 33.0092976045473,
    "PM10_current": 27.823663563643645,
    "PM2.5_current": 12.648286593411337,
    "NO2_lag_8h": 33.09723913926106,
    "NO2_lag_24h": 33.06126755988631,
    "NO2_lag_48h": 33.07547706049533,
    "NO2_rolling_24h": 33.056979451029264,
    "hour_sin": -0.0034834606504779695,
    "hour_cos": 0.004850056601062169,
    "dow_sin": -0.0018210854547867483,
    "dow_cos": 0.004927744599592994,
    "month_sin": -0.017721376131401102,
    "month_cos": -0.028550593672379786
  },
  "feature_stds": {
    "NO2_current": 19.38946185698605,
    "PM10_current": 12.429286943340035,
    "PM2.5_current": 7.019913390620733,
    "NO2_lag_8h": 19.383519326511045,
    "NO2_lag_24h": 19.437815045594487,
    "NO2_lag_48h": 19.413319181337304,
    "NO2_rolling_24h": 11.95132678438541,
    "hour_sin": 0.7081640171743887,
    "hour_cos": 0.7060514629446202,
    "dow_sin": 0.7074087579252872,
    "dow_cos": 0.7068138733873136,
    "month_sin": 0.7091999685002426,
    "month_cos": 0.704234888231334
  },
  "feature_lower_bounds": {
    "NO2_current": 4.0,
    "PM10_current": 7.5,
    "PM2.5_current": 2.375,
    "NO2_lag_8h": 4.0,
    "NO2_lag_24h": 4.0,
    "NO2_lag_48h": 4.0,
    "NO2_rolling_24h": 9.833333333333334,
    "hour_sin": -1.0,
    "hour_cos": -1.0,
    "dow_sin": -0.9749279121818236,
    "dow_cos": -0.9009688679024191,
    "month_sin": -1.0,
    "month_cos": -1.0
  },
  "feature_upper_bounds": {
    "NO2_current": 101.0,
    "PM10_current": 80.03562499999998,
    "PM2.5_current": 43.35083333333326,
    "NO2_lag_8h": 101.0,
    "NO2_lag_24h": 101.85499999999956,
    "NO2_lag_48h": 101.0,
    "NO2_rolling_24h": 69.58333333333333,
    "hour_sin": 1.0,
    "hour_cos": 1.0,
    "dow_sin": 0.9749279121818236,
    "dow_cos": 1.0,
    "month_sin": 1.0,
    "month_cos": 1.0
  },
  "model_type": "ridge_numpy_winsorized",
  "station": "València Olivereta",
  "pollutant": "NO2",
  "horizon_hours": 24,
  "target_window_hours": 1,
  "alpha": 5.0,
  "feature_clip_quantile": 0.005,
  "feature_names": [
    "NO2_current",
    "PM10_current",
    "PM2.5_current",
    "NO2_lag_8h",
    "NO2_lag_24h",
    "NO2_lag_48h",
    "NO2_rolling_24h",
    "hour_sin",
    "hour_cos",
    "dow_sin",
    "dow_cos",
    "month_sin",
    "month_cos"
  ],
  "selected_strategy": "ridge",
  "trained_at_utc": "2026-06-23T13:42:17+00:00",
  "source_file": "data/time/filtrado_València Olivereta.csv",
  "source_start": "2022-01-01 00:00:00",
  "source_end": "2025-01-31 23:00:00",
  "selection_train_start": "2022-02-01 23:00:00",
  "selection_train_end": "2024-11-29 22:00:00",
  "validation_start": "2024-11-30 23:00:00",
  "validation_end": "2024-12-30 22:00:00",
  "train_start": "2022-02-01 23:00:00",
  "train_end": "2024-12-30 22:00:00",
  "test_start": "2024-12-31 23:00:00",
  "test_end": "2025-01-30 23:00:00",
  "selection_train_rows": 23953,
  "validation_rows": 677,
  "train_rows": 24630,
  "test_rows": 685,
  "metrics": {
    "mae": 12.306122676280248,
    "rmse": 15.244512277658904,
    "r2": 0.41961774083570236
  },
  "baseline_metrics": {
    "mae": 12.65985401459854,
    "rmse": 17.25709417225487,
    "r2": 0.2562578447231051
  },
  "validation_metrics": {
    "mae": 12.642664372588294,
    "rmse": 16.038679507212773,
    "r2": 0.4307794057931452
  },
  "validation_baseline_metrics": {
    "mae": 15.038404726735598,
    "rmse": 20.198900185044153,
    "r2": 0.09718486286022232
  },
  "beats_baseline_mae": true
}