{
  "intercept": 15.0600379253596,
  "coefficients": [
    0.15445738715195,
    0.5323707475029388,
    -0.06510343518417247,
    7.157171461256319,
    2.0372285822792424,
    -2.0830120403401087,
    2.3258078334183514,
    0.18384750513852652,
    -3.359191810995368,
    -0.10340289964021883,
    -0.026579327190769584,
    0.37145156489873915,
    0.28265011660722766,
    0.13103976659398883,
    -0.10999452872449716
  ],
  "feature_means": {
    "SO2_current": 3.330426495115559,
    "NO2_current": 11.158799142244451,
    "O3_current": 54.46895429842178,
    "PM10_current": 15.00605962786876,
    "PM2.5_current": 9.893562209116896,
    "PM10_lag_8h": 14.999309569840532,
    "PM10_lag_24h": 14.993654206254414,
    "PM10_lag_48h": 15.020147098152759,
    "PM10_rolling_24h": 15.001827157073063,
    "hour_sin": 0.0002856932994030564,
    "hour_cos": 0.005447330133666363,
    "dow_sin": -0.015576246012292863,
    "dow_cos": 0.01379478748039593,
    "month_sin": 0.003806051179888526,
    "month_cos": -0.05080731490147629
  },
  "feature_stds": {
    "SO2_current": 0.6889750036159361,
    "NO2_current": 11.661633858014767,
    "O3_current": 23.086016037061633,
    "PM10_current": 7.66505877808462,
    "PM2.5_current": 5.989311741470755,
    "PM10_lag_8h": 7.658470755465619,
    "PM10_lag_24h": 7.661975873998513,
    "PM10_lag_48h": 7.753810629031664,
    "PM10_rolling_24h": 7.434424274095543,
    "hour_sin": 0.7074463162825578,
    "hour_cos": 0.7067797453878387,
    "dow_sin": 0.7086328961563942,
    "dow_cos": 0.7053042872471762,
    "month_sin": 0.7241443611551253,
    "month_cos": 0.6877983764037364
  },
  "feature_lower_bounds": {
    "SO2_current": 3.0,
    "NO2_current": 1.0,
    "O3_current": 2.375,
    "PM10_current": 2.4166666666666665,
    "PM2.5_current": 1.125,
    "PM10_lag_8h": 2.375,
    "PM10_lag_24h": 2.375,
    "PM10_lag_48h": 2.375,
    "PM10_rolling_24h": 2.466736111111111,
    "hour_sin": -1.0,
    "hour_cos": -1.0,
    "dow_sin": -0.9749279121818236,
    "dow_cos": -0.9009688679024191,
    "month_sin": -1.0,
    "month_cos": -1.0
  },
  "feature_upper_bounds": {
    "SO2_current": 6.0,
    "NO2_current": 64.07999999999811,
    "O3_current": 109.625,
    "PM10_current": 46.291666666666664,
    "PM2.5_current": 38.169999999999916,
    "PM10_lag_8h": 46.291666666666664,
    "PM10_lag_24h": 46.291666666666664,
    "PM10_lag_48h": 46.88166666666651,
    "PM10_rolling_24h": 46.49381944444422,
    "hour_sin": 1.0,
    "hour_cos": 1.0,
    "dow_sin": 0.9749279121818236,
    "dow_cos": 1.0,
    "month_sin": 1.0,
    "month_cos": 1.0
  },
  "model_type": "ridge_numpy_winsorized",
  "station": "València - Politècnic",
  "pollutant": "PM10",
  "horizon_hours": 24,
  "target_window_hours": 24,
  "alpha": 5.0,
  "feature_clip_quantile": 0.005,
  "feature_names": [
    "SO2_current",
    "NO2_current",
    "O3_current",
    "PM10_current",
    "PM2.5_current",
    "PM10_lag_8h",
    "PM10_lag_24h",
    "PM10_lag_48h",
    "PM10_rolling_24h",
    "hour_sin",
    "hour_cos",
    "dow_sin",
    "dow_cos",
    "month_sin",
    "month_cos"
  ],
  "selected_strategy": "ridge",
  "trained_at_utc": "2026-06-23T13:42:17+00:00",
  "source_file": "data/time/filtrado_València - Politècnic.csv",
  "source_start": "2019-01-01 00:00:00",
  "source_end": "2025-01-31 23:00:00",
  "selection_train_start": "2022-02-01 23:00:00",
  "selection_train_end": "2024-11-29 22:00:00",
  "validation_start": "2024-11-30 23:00:00",
  "validation_end": "2024-12-30 22:00:00",
  "train_start": "2022-02-01 23:00:00",
  "train_end": "2024-12-30 22:00:00",
  "test_start": "2024-12-31 23:00:00",
  "test_end": "2025-01-30 23:00:00",
  "selection_train_rows": 20267,
  "validation_rows": 718,
  "train_rows": 20985,
  "test_rows": 710,
  "metrics": {
    "mae": 4.480499791852853,
    "rmse": 5.883131592944577,
    "r2": 0.3455029597937408
  },
  "baseline_metrics": {
    "mae": 5.111438161246795,
    "rmse": 6.958300088724919,
    "r2": 0.08441879169693312
  },
  "validation_metrics": {
    "mae": 5.023916753188294,
    "rmse": 6.583926083979543,
    "r2": 0.5237373142451541
  },
  "validation_baseline_metrics": {
    "mae": 5.732687554361588,
    "rmse": 8.027598834637088,
    "r2": 0.2919759887807828
  },
  "beats_baseline_mae": true
}