{
  "intercept": 17.333995754482636,
  "coefficients": [
    0.20745578048292534,
    -0.39302286261505476,
    0.11231500782981865,
    -3.856130731055806,
    -2.682984509124662,
    -0.611947230923936,
    11.328676696214153,
    -1.007474821012733,
    -0.35534960433137386,
    1.0024927326423694,
    0.46286419892667224,
    0.9133418705270584,
    1.2151665027739362
  ],
  "feature_means": {
    "SO2_current": 3.506661849058308,
    "NO2_current": 17.325188564202158,
    "O3_current": 51.081810356137396,
    "NO2_lag_8h": 17.30766451379793,
    "NO2_lag_24h": 17.346551646267105,
    "NO2_lag_48h": 17.429384399981934,
    "NO2_rolling_24h": 17.338205333784533,
    "hour_sin": -0.008871224796176023,
    "hour_cos": 0.001746924238180363,
    "dow_sin": -0.011603968150201182,
    "dow_cos": -0.001367566097879423,
    "month_sin": -0.011827517589943829,
    "month_cos": 0.005481684838532988
  },
  "feature_stds": {
    "SO2_current": 1.2041082074736575,
    "NO2_current": 15.502033322845344,
    "O3_current": 24.825567649446718,
    "NO2_lag_8h": 15.412099139295522,
    "NO2_lag_24h": 15.55618065316458,
    "NO2_lag_48h": 15.575484005652958,
    "NO2_rolling_24h": 10.091046291692017,
    "hour_sin": 0.7078580044900691,
    "hour_cos": 0.7063288600443594,
    "dow_sin": 0.7083586656511741,
    "dow_cos": 0.7057879564253514,
    "month_sin": 0.7114895469473259,
    "month_cos": 0.7026078885028092
  },
  "feature_lower_bounds": {
    "SO2_current": 3.0,
    "NO2_current": 1.0,
    "O3_current": 1.5,
    "NO2_lag_8h": 1.0,
    "NO2_lag_24h": 1.0,
    "NO2_lag_48h": 1.0,
    "NO2_rolling_24h": 4.0,
    "hour_sin": -1.0,
    "hour_cos": -1.0,
    "dow_sin": -0.9749279121818236,
    "dow_cos": -0.9009688679024191,
    "month_sin": -1.0,
    "month_cos": -1.0
  },
  "feature_upper_bounds": {
    "SO2_current": 10.0,
    "NO2_current": 79.0,
    "O3_current": 104.5,
    "NO2_lag_8h": 78.0,
    "NO2_lag_24h": 79.0,
    "NO2_lag_48h": 79.0,
    "NO2_rolling_24h": 54.416666666666664,
    "hour_sin": 1.0,
    "hour_cos": 1.0,
    "dow_sin": 0.9749279121818236,
    "dow_cos": 1.0,
    "month_sin": 1.0,
    "month_cos": 1.0
  },
  "model_type": "ridge_numpy_winsorized",
  "station": "València - Bulevard Sud",
  "pollutant": "NO2",
  "horizon_hours": 8,
  "target_window_hours": 1,
  "alpha": 5.0,
  "feature_clip_quantile": 0.005,
  "feature_names": [
    "SO2_current",
    "NO2_current",
    "O3_current",
    "NO2_lag_8h",
    "NO2_lag_24h",
    "NO2_lag_48h",
    "NO2_rolling_24h",
    "hour_sin",
    "hour_cos",
    "dow_sin",
    "dow_cos",
    "month_sin",
    "month_cos"
  ],
  "selected_strategy": "ridge",
  "trained_at_utc": "2026-06-23T13:42:17+00:00",
  "source_file": "data/time/filtrado_València - Bulevard Sud.csv",
  "source_start": "2019-01-01 00:00:00",
  "source_end": "2025-01-31 23:00:00",
  "selection_train_start": "2022-02-01 23:00:00",
  "selection_train_end": "2024-11-30 14:00:00",
  "validation_start": "2024-11-30 23:00:00",
  "validation_end": "2024-12-31 14:00:00",
  "train_start": "2022-02-01 23:00:00",
  "train_end": "2024-12-31 14:00:00",
  "test_start": "2024-12-31 23:00:00",
  "test_end": "2025-01-31 15:00:00",
  "selection_train_rows": 21410,
  "validation_rows": 731,
  "train_rows": 22141,
  "test_rows": 598,
  "metrics": {
    "mae": 8.708764722874239,
    "rmse": 10.194448746358685,
    "r2": 0.1920783176374955
  },
  "baseline_metrics": {
    "mae": 9.76923076923077,
    "rmse": 14.283091015715426,
    "r2": -0.5859378982651262
  },
  "validation_metrics": {
    "mae": 9.512821218539743,
    "rmse": 11.549870370800638,
    "r2": 0.048319436881803846
  },
  "validation_baseline_metrics": {
    "mae": 13.162790697674419,
    "rmse": 17.784313474114036,
    "r2": -1.2563745321400206
  },
  "beats_baseline_mae": true
}