{
  "intercept": 9.3495347682128,
  "coefficients": [
    -0.044615041687719584,
    0.6770708773560637,
    0.26143526494493924,
    -1.0834368874358744,
    11.06696156959516,
    -3.2577340054910313,
    1.9270487600133577,
    0.16596064681320105,
    -2.906343080090972,
    0.09948123453895964,
    -0.058871646736095705,
    -0.017446998832775767,
    0.062166962625330245,
    0.0024401291175988223,
    0.2605739265895463
  ],
  "feature_means": {
    "SO2_current": 3.498066748066748,
    "NO2_current": 16.525234025234024,
    "O3_current": 53.86819917915528,
    "PM10_current": 13.533941331262334,
    "PM2.5_current": 9.338825709158186,
    "PM2.5_lag_8h": 9.322014818134987,
    "PM2.5_lag_24h": 9.284670009490794,
    "PM2.5_lag_48h": 9.268209301066141,
    "PM2.5_rolling_24h": 9.316202950833805,
    "hour_sin": -0.000835982243380952,
    "hour_cos": 0.0006285526497430402,
    "dow_sin": -0.01171469168147409,
    "dow_cos": 0.0069135756625373,
    "month_sin": 0.03513498959562697,
    "month_cos": -0.03013383720412697
  },
  "feature_stds": {
    "SO2_current": 0.9860364845889303,
    "NO2_current": 12.804197281340969,
    "O3_current": 23.65756716765467,
    "PM10_current": 9.076455229731401,
    "PM2.5_current": 7.375743475669852,
    "PM2.5_lag_8h": 7.368672679641417,
    "PM2.5_lag_24h": 7.326643688717768,
    "PM2.5_lag_48h": 7.265615797654564,
    "PM2.5_rolling_24h": 7.197810580039865,
    "hour_sin": 0.7069660707004944,
    "hour_cos": 0.7072826581482301,
    "dow_sin": 0.7074977592195546,
    "dow_cos": 0.70662066018129,
    "month_sin": 0.7006460407587888,
    "month_cos": 0.7120416972086134
  },
  "feature_lower_bounds": {
    "SO2_current": 3.0,
    "NO2_current": 1.0,
    "O3_current": 5.375,
    "PM10_current": 1.625,
    "PM2.5_current": 1.0,
    "PM2.5_lag_8h": 1.0,
    "PM2.5_lag_24h": 1.0,
    "PM2.5_lag_48h": 1.0416666666666667,
    "PM2.5_rolling_24h": 1.0260416666666659,
    "hour_sin": -1.0,
    "hour_cos": -1.0,
    "dow_sin": -0.9749279121818236,
    "dow_cos": -0.9009688679024191,
    "month_sin": -1.0,
    "month_cos": -1.0
  },
  "feature_upper_bounds": {
    "SO2_current": 9.0,
    "NO2_current": 63.0,
    "O3_current": 109.34062499999982,
    "PM10_current": 46.393749999999876,
    "PM2.5_current": 39.98749999999993,
    "PM2.5_lag_8h": 40.083333333333336,
    "PM2.5_lag_24h": 40.238541666666606,
    "PM2.5_lag_48h": 40.238541666666606,
    "PM2.5_rolling_24h": 39.23789062499992,
    "hour_sin": 1.0,
    "hour_cos": 1.0,
    "dow_sin": 0.9749279121818236,
    "dow_cos": 1.0,
    "month_sin": 1.0,
    "month_cos": 1.0
  },
  "model_type": "ridge_numpy_winsorized",
  "station": "València - Molí del Sol",
  "pollutant": "PM2.5",
  "horizon_hours": 24,
  "target_window_hours": 24,
  "alpha": 5.0,
  "feature_clip_quantile": 0.005,
  "feature_names": [
    "SO2_current",
    "NO2_current",
    "O3_current",
    "PM10_current",
    "PM2.5_current",
    "PM2.5_lag_8h",
    "PM2.5_lag_24h",
    "PM2.5_lag_48h",
    "PM2.5_rolling_24h",
    "hour_sin",
    "hour_cos",
    "dow_sin",
    "dow_cos",
    "month_sin",
    "month_cos"
  ],
  "selected_strategy": "ridge",
  "trained_at_utc": "2026-06-23T13:42:17+00:00",
  "source_file": "data/time/filtrado_València - Molí del Sol.csv",
  "source_start": "2019-01-01 00:00:00",
  "source_end": "2025-01-31 23:00:00",
  "selection_train_start": "2022-02-01 23:00:00",
  "selection_train_end": "2024-11-29 22:00:00",
  "validation_start": "2024-11-30 23:00:00",
  "validation_end": "2024-12-22 17:00:00",
  "train_start": "2022-02-01 23:00:00",
  "train_end": "2024-12-22 17:00:00",
  "test_start": "2025-01-06 02:00:00",
  "test_end": "2025-01-30 23:00:00",
  "selection_train_rows": 19339,
  "validation_rows": 317,
  "train_rows": 19656,
  "test_rows": 455,
  "metrics": {
    "mae": 2.2182551210798516,
    "rmse": 3.2081470838071784,
    "r2": 0.13811189234492194
  },
  "baseline_metrics": {
    "mae": 2.1225502758111454,
    "rmse": 3.465651084562155,
    "r2": -0.005800898502490881
  },
  "validation_metrics": {
    "mae": 4.508439168263155,
    "rmse": 5.934083551669624,
    "r2": 0.6580857253544126
  },
  "validation_baseline_metrics": {
    "mae": 5.722427625371954,
    "rmse": 7.487780737320935,
    "r2": 0.4556024575149292
  },
  "beats_baseline_mae": false
}