{
  "intercept": 14.191279569406124,
  "coefficients": [
    -0.11147173537373349,
    4.686110292226098,
    0.15211718062983007,
    -0.6740610569584815,
    -0.15315069446935928,
    -0.526639050285255,
    1.4340450585218507,
    1.8961372446874112,
    1.8996031325763034,
    0.047162415389874736,
    -0.09533532835111383,
    0.6288041821488336,
    0.9718553605373221,
    -0.11463567210112677,
    1.0844792241947043
  ],
  "feature_means": {
    "SO2_current": 3.45945090234746,
    "NO2_current": 14.160929938034284,
    "O3_current": 53.311495372494285,
    "PM10_current": 19.41684754866118,
    "PM2.5_current": 9.767461576783043,
    "NO2_lag_8h": 14.143923289158261,
    "NO2_lag_24h": 14.115156723506264,
    "NO2_lag_48h": 14.091184585462933,
    "NO2_rolling_24h": 14.181351285641378,
    "hour_sin": -0.010151970583181968,
    "hour_cos": 0.008391868635941317,
    "dow_sin": -0.0005861681318104367,
    "dow_cos": 0.0022174080579768283,
    "month_sin": 0.04814644542730088,
    "month_cos": -0.035336252967880975
  },
  "feature_stds": {
    "SO2_current": 0.7437362139263257,
    "NO2_current": 12.97876759659465,
    "O3_current": 23.1503754816783,
    "PM10_current": 11.516793273565163,
    "PM2.5_current": 6.782314688426015,
    "NO2_lag_8h": 12.922974052912833,
    "NO2_lag_24h": 12.989545021001572,
    "NO2_lag_48h": 12.922739777604228,
    "NO2_rolling_24h": 9.151728013640462,
    "hour_sin": 0.7038760054931106,
    "hour_cos": 0.71023257287521,
    "dow_sin": 0.7091461335811466,
    "dow_cos": 0.7050898758260954,
    "month_sin": 0.7021236610865674,
    "month_cos": 0.7095778355643245
  },
  "feature_lower_bounds": {
    "SO2_current": 3.0,
    "NO2_current": 1.0,
    "O3_current": 4.375,
    "PM10_current": 2.625,
    "PM2.5_current": 1.5,
    "NO2_lag_8h": 1.0,
    "NO2_lag_24h": 1.0,
    "NO2_lag_48h": 1.0,
    "NO2_rolling_24h": 2.4166666666666665,
    "hour_sin": -1.0,
    "hour_cos": -1.0,
    "dow_sin": -0.9749279121818236,
    "dow_cos": -0.9009688679024191,
    "month_sin": -1.0,
    "month_cos": -1.0
  },
  "feature_upper_bounds": {
    "SO2_current": 7.0,
    "NO2_current": 71.0,
    "O3_current": 107.5,
    "PM10_current": 61.16333333333326,
    "PM2.5_current": 39.085,
    "NO2_lag_8h": 71.0,
    "NO2_lag_24h": 71.0,
    "NO2_lag_48h": 71.0,
    "NO2_rolling_24h": 54.875,
    "hour_sin": 1.0,
    "hour_cos": 1.0,
    "dow_sin": 0.9749279121818236,
    "dow_cos": 1.0,
    "month_sin": 1.0,
    "month_cos": 1.0
  },
  "model_type": "ridge_numpy_winsorized",
  "station": "València - Av. França",
  "pollutant": "NO2",
  "horizon_hours": 24,
  "target_window_hours": 1,
  "alpha": 5.0,
  "feature_clip_quantile": 0.005,
  "feature_names": [
    "SO2_current",
    "NO2_current",
    "O3_current",
    "PM10_current",
    "PM2.5_current",
    "NO2_lag_8h",
    "NO2_lag_24h",
    "NO2_lag_48h",
    "NO2_rolling_24h",
    "hour_sin",
    "hour_cos",
    "dow_sin",
    "dow_cos",
    "month_sin",
    "month_cos"
  ],
  "selected_strategy": "ridge",
  "trained_at_utc": "2026-06-23T13:42:17+00:00",
  "source_file": "data/time/filtrado_València - Av. França.csv",
  "source_start": "2019-01-01 00:00:00",
  "source_end": "2025-01-31 23:00:00",
  "selection_train_start": "2022-02-01 23:00:00",
  "selection_train_end": "2024-11-29 22:00:00",
  "validation_start": "2024-11-30 23:00:00",
  "validation_end": "2024-12-30 22:00:00",
  "train_start": "2022-02-01 23:00:00",
  "train_end": "2024-12-30 22:00:00",
  "test_start": "2024-12-31 23:00:00",
  "test_end": "2025-01-30 23:00:00",
  "selection_train_rows": 21463,
  "validation_rows": 646,
  "train_rows": 22109,
  "test_rows": 667,
  "metrics": {
    "mae": 10.649025201874712,
    "rmse": 14.326960929728179,
    "r2": 0.3934590271476671
  },
  "baseline_metrics": {
    "mae": 11.299850074962519,
    "rmse": 16.55779030517372,
    "r2": 0.18986620961406409
  },
  "validation_metrics": {
    "mae": 9.871011240512166,
    "rmse": 12.491135878286732,
    "r2": 0.268985985388548
  },
  "validation_baseline_metrics": {
    "mae": 10.857585139318886,
    "rmse": 15.306972449598105,
    "r2": -0.09774239966946463
  },
  "beats_baseline_mae": true
}