{
  "intercept": 3.502133592462715,
  "coefficients": [
    0.13391840149604747,
    0.003513669805257635,
    -0.019841413594825066,
    -0.16644373892393508,
    -0.16949729385522785,
    0.023661432689929488,
    0.5201225453887366,
    0.002254024753048807,
    0.10477826844748997,
    0.011809096109277568,
    0.005456855287985372,
    -0.02159642349414786,
    0.036783385524127125
  ],
  "feature_means": {
    "SO2_current": 3.488233554438295,
    "NO2_current": 15.181610545439181,
    "O3_current": 55.81406284893441,
    "SO2_lag_8h": 3.4949512019941698,
    "SO2_lag_24h": 3.493725970678947,
    "SO2_lag_48h": 3.493134479699185,
    "SO2_rolling_24h": 3.497847695235411,
    "hour_sin": -0.009099962433529936,
    "hour_cos": 0.008921808488520776,
    "dow_sin": -0.013812145575765537,
    "dow_cos": -0.0012189400501723035,
    "month_sin": -0.025635278769622002,
    "month_cos": -0.03910418006684748
  },
  "feature_stds": {
    "SO2_current": 1.0026998589489315,
    "NO2_current": 13.031676181077959,
    "O3_current": 24.194179047714492,
    "SO2_lag_8h": 1.0093078453638011,
    "SO2_lag_24h": 1.0047697281641137,
    "SO2_lag_48h": 1.0081662160517113,
    "SO2_rolling_24h": 0.6766126877912007,
    "hour_sin": 0.7070835670704474,
    "hour_cos": 0.7070450236546183,
    "dow_sin": 0.7078349537293719,
    "dow_cos": 0.7062716616969248,
    "month_sin": 0.7091412678420799,
    "month_cos": 0.703544253472265
  },
  "feature_lower_bounds": {
    "SO2_current": 3.0,
    "NO2_current": 2.0,
    "O3_current": 4.75,
    "SO2_lag_8h": 3.0,
    "SO2_lag_24h": 3.0,
    "SO2_lag_48h": 3.0,
    "SO2_rolling_24h": 3.0,
    "hour_sin": -1.0,
    "hour_cos": -1.0,
    "dow_sin": -0.9749279121818236,
    "dow_cos": -0.9009688679024191,
    "month_sin": -1.0,
    "month_cos": -1.0
  },
  "feature_upper_bounds": {
    "SO2_current": 8.0,
    "NO2_current": 66.65999999999985,
    "O3_current": 107.875,
    "SO2_lag_8h": 8.0,
    "SO2_lag_24h": 8.0,
    "SO2_lag_48h": 8.0,
    "SO2_rolling_24h": 6.25,
    "hour_sin": 1.0,
    "hour_cos": 1.0,
    "dow_sin": 0.9749279121818236,
    "dow_cos": 1.0,
    "month_sin": 1.0,
    "month_cos": 1.0
  },
  "model_type": "ridge_numpy_winsorized",
  "station": "València - Vivers",
  "pollutant": "SO2",
  "horizon_hours": 8,
  "target_window_hours": 1,
  "alpha": 5.0,
  "feature_clip_quantile": 0.005,
  "feature_names": [
    "SO2_current",
    "NO2_current",
    "O3_current",
    "SO2_lag_8h",
    "SO2_lag_24h",
    "SO2_lag_48h",
    "SO2_rolling_24h",
    "hour_sin",
    "hour_cos",
    "dow_sin",
    "dow_cos",
    "month_sin",
    "month_cos"
  ],
  "selected_strategy": "ridge",
  "trained_at_utc": "2026-06-23T13:42:17+00:00",
  "source_file": "data/time/filtrado_València - Vivers.csv",
  "source_start": "2019-01-01 00:00:00",
  "source_end": "2025-01-31 23:00:00",
  "selection_train_start": "2022-02-01 23:00:00",
  "selection_train_end": "2024-11-30 14:00:00",
  "validation_start": "2024-11-30 23:00:00",
  "validation_end": "2024-12-31 14:00:00",
  "train_start": "2022-02-01 23:00:00",
  "train_end": "2024-12-31 14:00:00",
  "test_start": "2024-12-31 23:00:00",
  "test_end": "2025-01-31 15:00:00",
  "selection_train_rows": 22953,
  "validation_rows": 716,
  "train_rows": 23669,
  "test_rows": 728,
  "metrics": {
    "mae": 0.4833048324685542,
    "rmse": 0.7462719704661743,
    "r2": 0.12777617008568332
  },
  "baseline_metrics": {
    "mae": 0.4065934065934066,
    "rmse": 1.0843542667524189,
    "r2": -0.8415184442034405
  },
  "validation_metrics": {
    "mae": 0.7056212929449924,
    "rmse": 1.25223356273912,
    "r2": 0.20371198083050623
  },
  "validation_baseline_metrics": {
    "mae": 0.7472067039106145,
    "rmse": 1.8143592371249917,
    "r2": -0.6716527313735765
  },
  "beats_baseline_mae": false
}