{
  "intercept": 9.964887290686924,
  "coefficients": [
    0.07177850628782101,
    0.15472071427365414,
    0.07522780832197623,
    -0.1603959454250298,
    9.760523447019914,
    -0.6425707280021469,
    2.3812565247076973,
    -0.23577216205633314,
    -5.178887108543026,
    0.0011139145472030699,
    -0.02389566454580597,
    0.03784335679084415,
    0.03791649412122939,
    0.026182257967503064,
    -0.0002638916488599574
  ],
  "feature_means": {
    "SO2_current": 3.3297477570576355,
    "NO2_current": 11.183756869744938,
    "O3_current": 54.39939210725861,
    "PM10_current": 15.028506327587491,
    "PM2.5_current": 9.91493827904083,
    "PM2.5_lag_8h": 9.901526659539035,
    "PM2.5_lag_24h": 9.878771113513658,
    "PM2.5_lag_48h": 9.881296202521733,
    "PM2.5_rolling_24h": 9.896652046374184,
    "hour_sin": 7.349449208953565e-05,
    "hour_cos": 0.00572568559858888,
    "dow_sin": -0.013495745804971041,
    "dow_cos": 0.016375627654795978,
    "month_sin": -0.0013913475056040897,
    "month_cos": -0.05107193111618049
  },
  "feature_stds": {
    "SO2_current": 0.6889082974593155,
    "NO2_current": 11.668969164924272,
    "O3_current": 23.127489358468846,
    "PM10_current": 7.667579374236924,
    "PM2.5_current": 5.985262514207924,
    "PM2.5_lag_8h": 5.981559320971988,
    "PM2.5_lag_24h": 5.9765346507907235,
    "PM2.5_lag_48h": 6.046314939171103,
    "PM2.5_rolling_24h": 5.849766611617502,
    "hour_sin": 0.7075714919180904,
    "hour_cos": 0.7066518012636045,
    "dow_sin": 0.7085102982957378,
    "dow_cos": 0.7054146401528408,
    "month_sin": 0.7242854293123359,
    "month_cos": 0.6876388522285478
  },
  "feature_lower_bounds": {
    "SO2_current": 3.0,
    "NO2_current": 1.0,
    "O3_current": 2.25,
    "PM10_current": 2.4166666666666665,
    "PM2.5_current": 1.125,
    "PM2.5_lag_8h": 1.125,
    "PM2.5_lag_24h": 1.125,
    "PM2.5_lag_48h": 1.125,
    "PM2.5_rolling_24h": 1.1630864075537997,
    "hour_sin": -1.0,
    "hour_cos": -1.0,
    "dow_sin": -0.9749279121818236,
    "dow_cos": -0.9009688679024191,
    "month_sin": -1.0,
    "month_cos": -1.0
  },
  "feature_upper_bounds": {
    "SO2_current": 6.0,
    "NO2_current": 64.0,
    "O3_current": 109.76500000000033,
    "PM10_current": 46.23166666666672,
    "PM2.5_current": 38.125,
    "PM2.5_lag_8h": 38.125,
    "PM2.5_lag_24h": 38.125,
    "PM2.5_lag_48h": 38.583333333333336,
    "PM2.5_rolling_24h": 37.504375000000095,
    "hour_sin": 1.0,
    "hour_cos": 1.0,
    "dow_sin": 0.9749279121818236,
    "dow_cos": 1.0,
    "month_sin": 1.0,
    "month_cos": 1.0
  },
  "model_type": "ridge_numpy_winsorized",
  "station": "València - Politècnic",
  "pollutant": "PM2.5",
  "horizon_hours": 8,
  "target_window_hours": 24,
  "alpha": 5.0,
  "feature_clip_quantile": 0.005,
  "feature_names": [
    "SO2_current",
    "NO2_current",
    "O3_current",
    "PM10_current",
    "PM2.5_current",
    "PM2.5_lag_8h",
    "PM2.5_lag_24h",
    "PM2.5_lag_48h",
    "PM2.5_rolling_24h",
    "hour_sin",
    "hour_cos",
    "dow_sin",
    "dow_cos",
    "month_sin",
    "month_cos"
  ],
  "selected_strategy": "ridge",
  "trained_at_utc": "2026-06-23T13:42:17+00:00",
  "source_file": "data/time/filtrado_València - Politècnic.csv",
  "source_start": "2019-01-01 00:00:00",
  "source_end": "2025-01-31 23:00:00",
  "selection_train_start": "2022-02-01 23:00:00",
  "selection_train_end": "2024-11-30 14:00:00",
  "validation_start": "2024-11-30 23:00:00",
  "validation_end": "2024-12-31 14:00:00",
  "train_start": "2022-02-01 23:00:00",
  "train_end": "2024-12-31 14:00:00",
  "test_start": "2024-12-31 23:00:00",
  "test_end": "2025-01-31 15:00:00",
  "selection_train_rows": 20555,
  "validation_rows": 734,
  "train_rows": 21289,
  "test_rows": 726,
  "metrics": {
    "mae": 0.9861141617178998,
    "rmse": 1.4716220364781578,
    "r2": 0.9233938445876536
  },
  "baseline_metrics": {
    "mae": 1.3133854457515974,
    "rmse": 1.9452261771227541,
    "r2": 0.8661521767000857
  },
  "validation_metrics": {
    "mae": 1.1216274997693942,
    "rmse": 1.471723923422941,
    "r2": 0.9541798166760408
  },
  "validation_baseline_metrics": {
    "mae": 1.441937440989686,
    "rmse": 1.8969556941731844,
    "r2": 0.9238765437649951
  },
  "beats_baseline_mae": true
}