{
  "intercept": 13.561131115129678,
  "coefficients": [
    -0.09557792319672245,
    1.0207220716095013,
    0.06630302878433578,
    8.956319229140764,
    1.6277509652699795,
    -3.418635588956233,
    2.1325994592636235,
    0.21600142760913152,
    -2.475029299531875,
    0.03254836392717979,
    -0.038943178028797,
    0.09375583048956461,
    0.21803638406082498,
    0.05200342906315957,
    0.2465691718753059
  ],
  "feature_means": {
    "SO2_current": 3.498066748066748,
    "NO2_current": 16.525234025234024,
    "O3_current": 53.86819917915528,
    "PM10_current": 13.533941331262334,
    "PM2.5_current": 9.338825709158186,
    "PM10_lag_8h": 13.521444506286494,
    "PM10_lag_24h": 13.508857678783755,
    "PM10_lag_48h": 13.55199250826578,
    "PM10_rolling_24h": 13.522963009788175,
    "hour_sin": -0.000835982243380952,
    "hour_cos": 0.0006285526497430402,
    "dow_sin": -0.01171469168147409,
    "dow_cos": 0.0069135756625373,
    "month_sin": 0.03513498959562697,
    "month_cos": -0.03013383720412697
  },
  "feature_stds": {
    "SO2_current": 0.9860364845889303,
    "NO2_current": 12.804197281340969,
    "O3_current": 23.65756716765467,
    "PM10_current": 9.076455229731401,
    "PM2.5_current": 7.375743475669852,
    "PM10_lag_8h": 9.071527309490785,
    "PM10_lag_24h": 9.046817147687767,
    "PM10_lag_48h": 9.051007104089992,
    "PM10_rolling_24h": 8.803168645015278,
    "hour_sin": 0.7069660707004944,
    "hour_cos": 0.7072826581482301,
    "dow_sin": 0.7074977592195546,
    "dow_cos": 0.70662066018129,
    "month_sin": 0.7006460407587888,
    "month_cos": 0.7120416972086134
  },
  "feature_lower_bounds": {
    "SO2_current": 3.0,
    "NO2_current": 1.0,
    "O3_current": 5.375,
    "PM10_current": 1.625,
    "PM2.5_current": 1.0,
    "PM10_lag_8h": 1.625,
    "PM10_lag_24h": 1.625,
    "PM10_lag_48h": 1.6666666666666667,
    "PM10_rolling_24h": 1.7474826388888902,
    "hour_sin": -1.0,
    "hour_cos": -1.0,
    "dow_sin": -0.9749279121818236,
    "dow_cos": -0.9009688679024191,
    "month_sin": -1.0,
    "month_cos": -1.0
  },
  "feature_upper_bounds": {
    "SO2_current": 9.0,
    "NO2_current": 63.0,
    "O3_current": 109.34062499999982,
    "PM10_current": 46.393749999999876,
    "PM2.5_current": 39.98749999999993,
    "PM10_lag_8h": 46.32187499999994,
    "PM10_lag_24h": 46.32187499999994,
    "PM10_lag_48h": 46.291666666666664,
    "PM10_rolling_24h": 45.0181423611111,
    "hour_sin": 1.0,
    "hour_cos": 1.0,
    "dow_sin": 0.9749279121818236,
    "dow_cos": 1.0,
    "month_sin": 1.0,
    "month_cos": 1.0
  },
  "model_type": "ridge_numpy_winsorized",
  "station": "València - Molí del Sol",
  "pollutant": "PM10",
  "horizon_hours": 24,
  "target_window_hours": 24,
  "alpha": 5.0,
  "feature_clip_quantile": 0.005,
  "feature_names": [
    "SO2_current",
    "NO2_current",
    "O3_current",
    "PM10_current",
    "PM2.5_current",
    "PM10_lag_8h",
    "PM10_lag_24h",
    "PM10_lag_48h",
    "PM10_rolling_24h",
    "hour_sin",
    "hour_cos",
    "dow_sin",
    "dow_cos",
    "month_sin",
    "month_cos"
  ],
  "selected_strategy": "ridge",
  "trained_at_utc": "2026-06-23T13:42:17+00:00",
  "source_file": "data/time/filtrado_València - Molí del Sol.csv",
  "source_start": "2019-01-01 00:00:00",
  "source_end": "2025-01-31 23:00:00",
  "selection_train_start": "2022-02-01 23:00:00",
  "selection_train_end": "2024-11-29 22:00:00",
  "validation_start": "2024-11-30 23:00:00",
  "validation_end": "2024-12-22 17:00:00",
  "train_start": "2022-02-01 23:00:00",
  "train_end": "2024-12-22 17:00:00",
  "test_start": "2025-01-06 02:00:00",
  "test_end": "2025-01-30 23:00:00",
  "selection_train_rows": 19339,
  "validation_rows": 317,
  "train_rows": 19656,
  "test_rows": 455,
  "metrics": {
    "mae": 3.7614635066463515,
    "rmse": 5.16986651853761,
    "r2": -0.1478617364164716
  },
  "baseline_metrics": {
    "mae": 4.080026495243887,
    "rmse": 5.97723625247087,
    "r2": -0.5343758784641794
  },
  "validation_metrics": {
    "mae": 8.455848163867183,
    "rmse": 11.144900973844631,
    "r2": 0.2545262396441247
  },
  "validation_baseline_metrics": {
    "mae": 9.784032070133897,
    "rmse": 13.544413078398186,
    "r2": -0.10103294584848843
  },
  "beats_baseline_mae": true
}