{
  "intercept": 14.212834801366167,
  "coefficients": [
    0.06491679066144973,
    -0.29684298291816913,
    -0.07976979232914093,
    -0.45833469571538765,
    -0.02138311838606014,
    -2.6884355258489703,
    -2.2810752755530768,
    -0.15404699313081807,
    10.510731260183135,
    0.16217111137234363,
    0.15647679644525084,
    0.5800253398983718,
    0.27473956041323205,
    -0.16310558409741452,
    1.0504015108566165
  ],
  "feature_means": {
    "SO2_current": 3.458745281323027,
    "NO2_current": 14.162277548085566,
    "O3_current": 53.20108150792224,
    "PM10_current": 19.4394598729374,
    "PM2.5_current": 9.782457454765376,
    "NO2_lag_8h": 14.168524177602013,
    "NO2_lag_24h": 14.140077296422794,
    "NO2_lag_48h": 14.106731979147941,
    "NO2_rolling_24h": 14.193117734778117,
    "hour_sin": -0.008061884670706664,
    "hour_cos": 0.002402699787341212,
    "dow_sin": -0.0013082910873187497,
    "dow_cos": 0.0012180593000858057,
    "month_sin": 0.04562853534121635,
    "month_cos": -0.03473760864975952
  },
  "feature_stds": {
    "SO2_current": 0.7435286453426159,
    "NO2_current": 12.946172767295081,
    "O3_current": 23.139376204320083,
    "PM10_current": 11.559720599973526,
    "PM2.5_current": 6.805659692624765,
    "NO2_lag_8h": 12.944636598276706,
    "NO2_lag_24h": 12.975634923246757,
    "NO2_lag_48h": 12.918281844819282,
    "NO2_rolling_24h": 9.149213439066724,
    "hour_sin": 0.7056514481933942,
    "hour_cos": 0.70854089884198,
    "dow_sin": 0.7093363113871882,
    "dow_cos": 0.7048998111152613,
    "month_sin": 0.7019132592083067,
    "month_cos": 0.7099816236053471
  },
  "feature_lower_bounds": {
    "SO2_current": 3.0,
    "NO2_current": 1.0,
    "O3_current": 4.375,
    "PM10_current": 2.625,
    "PM2.5_current": 1.5,
    "NO2_lag_8h": 1.0,
    "NO2_lag_24h": 1.0,
    "NO2_lag_48h": 1.0,
    "NO2_rolling_24h": 2.4166666666666665,
    "hour_sin": -1.0,
    "hour_cos": -1.0,
    "dow_sin": -0.9749279121818236,
    "dow_cos": -0.9009688679024191,
    "month_sin": -1.0,
    "month_cos": -1.0
  },
  "feature_upper_bounds": {
    "SO2_current": 7.0,
    "NO2_current": 71.0,
    "O3_current": 107.46812499999987,
    "PM10_current": 61.18708333333325,
    "PM2.5_current": 39.125,
    "NO2_lag_8h": 71.0,
    "NO2_lag_24h": 71.0,
    "NO2_lag_48h": 71.0,
    "NO2_rolling_24h": 54.86437499999996,
    "hour_sin": 1.0,
    "hour_cos": 1.0,
    "dow_sin": 0.9749279121818236,
    "dow_cos": 1.0,
    "month_sin": 1.0,
    "month_cos": 1.0
  },
  "model_type": "ridge_numpy_winsorized",
  "station": "València - Av. França",
  "pollutant": "NO2",
  "horizon_hours": 8,
  "target_window_hours": 1,
  "alpha": 5.0,
  "feature_clip_quantile": 0.005,
  "feature_names": [
    "SO2_current",
    "NO2_current",
    "O3_current",
    "PM10_current",
    "PM2.5_current",
    "NO2_lag_8h",
    "NO2_lag_24h",
    "NO2_lag_48h",
    "NO2_rolling_24h",
    "hour_sin",
    "hour_cos",
    "dow_sin",
    "dow_cos",
    "month_sin",
    "month_cos"
  ],
  "selected_strategy": "ridge",
  "trained_at_utc": "2026-06-23T13:42:17+00:00",
  "source_file": "data/time/filtrado_València - Av. França.csv",
  "source_start": "2019-01-01 00:00:00",
  "source_end": "2025-01-31 23:00:00",
  "selection_train_start": "2022-02-01 23:00:00",
  "selection_train_end": "2024-11-30 14:00:00",
  "validation_start": "2024-11-30 23:00:00",
  "validation_end": "2024-12-31 14:00:00",
  "train_start": "2022-02-01 23:00:00",
  "train_end": "2024-12-31 14:00:00",
  "test_start": "2024-12-31 23:00:00",
  "test_end": "2025-01-31 15:00:00",
  "selection_train_rows": 21588,
  "validation_rows": 664,
  "train_rows": 22252,
  "test_rows": 684,
  "metrics": {
    "mae": 10.79264122655449,
    "rmse": 14.39919330327829,
    "r2": 0.3638187878841064
  },
  "baseline_metrics": {
    "mae": 15.366959064327485,
    "rmse": 21.04252864310529,
    "r2": -0.35862740120920655
  },
  "validation_metrics": {
    "mae": 10.481349575972576,
    "rmse": 12.906831706502093,
    "r2": 0.1664590256632471
  },
  "validation_baseline_metrics": {
    "mae": 15.593373493975903,
    "rmse": 20.292143414074065,
    "r2": -1.060361873447103
  },
  "beats_baseline_mae": true
}