{
  "intercept": 9.776207797606933,
  "coefficients": [
    -0.04602741986724244,
    0.5015441795848756,
    0.08198348521920285,
    0.025724122267863667,
    9.107637493078718,
    -3.044743090220303,
    1.2305534915237462,
    0.1211189904467271,
    -2.102775455439689,
    0.007369860409219227,
    -0.014073677864028652,
    0.03246035901727308,
    0.07731011399585612,
    0.26001132042173536,
    0.20515969975324205
  ],
  "feature_means": {
    "SO2_current": 3.4650761190638493,
    "NO2_current": 14.178595773687798,
    "O3_current": 53.46657794224256,
    "PM10_current": 19.382305476776676,
    "PM2.5_current": 9.741345730133169,
    "PM2.5_lag_8h": 9.73052371833368,
    "PM2.5_lag_24h": 9.684168049116035,
    "PM2.5_lag_48h": 9.665271471417437,
    "PM2.5_rolling_24h": 9.71983226129467,
    "hour_sin": -0.002022049836270486,
    "hour_cos": 0.0011146072286786028,
    "dow_sin": -0.0025170582730185916,
    "dow_cos": 0.003755727612888491,
    "month_sin": 0.060617277503435325,
    "month_cos": -0.044002521986298955
  },
  "feature_stds": {
    "SO2_current": 0.7502169291046146,
    "NO2_current": 12.965975846756583,
    "O3_current": 23.16059481047398,
    "PM10_current": 11.501115815540249,
    "PM2.5_current": 6.781580114634364,
    "PM2.5_lag_8h": 6.803546079844359,
    "PM2.5_lag_24h": 6.784877285149989,
    "PM2.5_lag_48h": 6.782909227062698,
    "PM2.5_rolling_24h": 6.64327260221292,
    "hour_sin": 0.7068853656161035,
    "hour_cos": 0.7073564835945035,
    "dow_sin": 0.7070887994664101,
    "dow_cos": 0.7071424424755967,
    "month_sin": 0.700898079737432,
    "month_cos": 0.7093492770457425
  },
  "feature_lower_bounds": {
    "SO2_current": 3.0,
    "NO2_current": 1.0,
    "O3_current": 4.5,
    "PM10_current": 2.875,
    "PM2.5_current": 1.5,
    "PM2.5_lag_8h": 1.5,
    "PM2.5_lag_24h": 1.5,
    "PM2.5_lag_48h": 1.5,
    "PM2.5_rolling_24h": 1.5347569444444438,
    "hour_sin": -1.0,
    "hour_cos": -1.0,
    "dow_sin": -0.9749279121818236,
    "dow_cos": -0.9009688679024191,
    "month_sin": -1.0,
    "month_cos": -1.0
  },
  "feature_upper_bounds": {
    "SO2_current": 7.0,
    "NO2_current": 71.0,
    "O3_current": 107.5,
    "PM10_current": 60.708333333333336,
    "PM2.5_current": 39.166190476190465,
    "PM2.5_lag_8h": 39.54039855072461,
    "PM2.5_lag_24h": 39.47786231884057,
    "PM2.5_lag_48h": 39.458333333333336,
    "PM2.5_rolling_24h": 38.62399090611903,
    "hour_sin": 1.0,
    "hour_cos": 1.0,
    "dow_sin": 0.9749279121818236,
    "dow_cos": 1.0,
    "month_sin": 1.0,
    "month_cos": 1.0
  },
  "model_type": "ridge_numpy_winsorized",
  "station": "València - Av. França",
  "pollutant": "PM2.5",
  "horizon_hours": 24,
  "target_window_hours": 24,
  "alpha": 5.0,
  "feature_clip_quantile": 0.005,
  "feature_names": [
    "SO2_current",
    "NO2_current",
    "O3_current",
    "PM10_current",
    "PM2.5_current",
    "PM2.5_lag_8h",
    "PM2.5_lag_24h",
    "PM2.5_lag_48h",
    "PM2.5_rolling_24h",
    "hour_sin",
    "hour_cos",
    "dow_sin",
    "dow_cos",
    "month_sin",
    "month_cos"
  ],
  "selected_strategy": "ridge",
  "trained_at_utc": "2026-06-23T13:42:17+00:00",
  "source_file": "data/time/filtrado_València - Av. França.csv",
  "source_start": "2019-01-01 00:00:00",
  "source_end": "2025-01-31 23:00:00",
  "selection_train_start": "2022-02-01 23:00:00",
  "selection_train_end": "2024-11-29 22:00:00",
  "validation_start": "2024-11-30 23:00:00",
  "validation_end": "2024-12-30 22:00:00",
  "train_start": "2022-02-01 23:00:00",
  "train_end": "2024-12-30 22:00:00",
  "test_start": "2024-12-31 23:00:00",
  "test_end": "2025-01-30 23:00:00",
  "selection_train_rows": 21379,
  "validation_rows": 626,
  "train_rows": 22005,
  "test_rows": 706,
  "metrics": {
    "mae": 4.278900322297111,
    "rmse": 6.074041791915402,
    "r2": 0.4449256220361344
  },
  "baseline_metrics": {
    "mae": 4.9235816299109185,
    "rmse": 7.242237269012388,
    "r2": 0.21088349429532005
  },
  "validation_metrics": {
    "mae": 4.70564446379537,
    "rmse": 5.9043028204565235,
    "r2": 0.6266865190428573
  },
  "validation_baseline_metrics": {
    "mae": 4.957290263520753,
    "rmse": 6.570662732769371,
    "r2": 0.5376671229499925
  },
  "beats_baseline_mae": true
}