{
  "intercept": 16.318380366626023,
  "coefficients": [
    0.022876658407988904,
    0.31123247246210295,
    0.14309698447078986,
    13.59600364992024,
    0.17424001480883772,
    -1.6059936485582433,
    2.5440707396729016,
    -0.12715736491044488,
    -5.142388784575776,
    0.05947984671857578,
    0.049504338374155035,
    0.31520138389288305,
    0.14816523650396066,
    -0.04998442829503206,
    0.3145044095493648
  ],
  "feature_means": {
    "SO2_current": 3.664067264964712,
    "NO2_current": 17.446240306700357,
    "O3_current": 50.88593050490214,
    "PM10_current": 16.221569840995823,
    "PM2.5_current": 8.136246957600534,
    "PM10_lag_8h": 16.227439429455973,
    "PM10_lag_24h": 16.21575546576854,
    "PM10_lag_48h": 16.242983896478055,
    "PM10_rolling_24h": 16.241725866321094,
    "hour_sin": -0.0031157011299228687,
    "hour_cos": 0.0023944979270033783,
    "dow_sin": -0.008431510109752328,
    "dow_cos": 0.007620493914235075,
    "month_sin": -0.031140454918188454,
    "month_cos": -0.0153188171652445
  },
  "feature_stds": {
    "SO2_current": 1.2930450252034786,
    "NO2_current": 14.35721945165161,
    "O3_current": 22.276394983622364,
    "PM10_current": 9.685030932768683,
    "PM2.5_current": 6.3007803955661466,
    "PM10_lag_8h": 9.685257679703525,
    "PM10_lag_24h": 9.672676521704728,
    "PM10_lag_48h": 9.638224698898815,
    "PM10_rolling_24h": 9.360415590897734,
    "hour_sin": 0.7067759637819027,
    "hour_cos": 0.7074573219800798,
    "dow_sin": 0.7075022098066643,
    "dow_cos": 0.706650566044375,
    "month_sin": 0.719626424461127,
    "month_cos": 0.6935250031129938
  },
  "feature_lower_bounds": {
    "SO2_current": 3.0,
    "NO2_current": 1.0,
    "O3_current": 3.125,
    "PM10_current": 3.25,
    "PM2.5_current": 1.0,
    "PM10_lag_8h": 3.25,
    "PM10_lag_24h": 3.25,
    "PM10_lag_48h": 3.25,
    "PM10_rolling_24h": 3.4422571159969255,
    "hour_sin": -1.0,
    "hour_cos": -1.0,
    "dow_sin": -0.9749279121818236,
    "dow_cos": -0.9009688679024191,
    "month_sin": -1.0,
    "month_cos": -1.0
  },
  "feature_upper_bounds": {
    "SO2_current": 10.0,
    "NO2_current": 70.0,
    "O3_current": 104.625,
    "PM10_current": 55.25979166666669,
    "PM2.5_current": 33.42645833333336,
    "PM10_lag_8h": 55.17645833333336,
    "PM10_lag_24h": 55.35041666666681,
    "PM10_lag_48h": 55.35041666666681,
    "PM10_rolling_24h": 52.689435763888895,
    "hour_sin": 1.0,
    "hour_cos": 1.0,
    "dow_sin": 0.9749279121818236,
    "dow_cos": 1.0,
    "month_sin": 1.0,
    "month_cos": 1.0
  },
  "model_type": "ridge_numpy_winsorized",
  "station": "València - Pista de Silla",
  "pollutant": "PM10",
  "horizon_hours": 8,
  "target_window_hours": 24,
  "alpha": 5.0,
  "feature_clip_quantile": 0.005,
  "feature_names": [
    "SO2_current",
    "NO2_current",
    "O3_current",
    "PM10_current",
    "PM2.5_current",
    "PM10_lag_8h",
    "PM10_lag_24h",
    "PM10_lag_48h",
    "PM10_rolling_24h",
    "hour_sin",
    "hour_cos",
    "dow_sin",
    "dow_cos",
    "month_sin",
    "month_cos"
  ],
  "selected_strategy": "ridge",
  "trained_at_utc": "2026-06-23T13:42:17+00:00",
  "source_file": "data/time/filtrado_València - Pista de Silla.csv",
  "source_start": "2019-01-01 00:00:00",
  "source_end": "2025-01-31 23:00:00",
  "selection_train_start": "2022-02-01 23:00:00",
  "selection_train_end": "2024-11-29 09:00:00",
  "validation_start": "2024-12-06 14:00:00",
  "validation_end": "2024-12-31 14:00:00",
  "train_start": "2022-02-01 23:00:00",
  "train_end": "2024-12-31 14:00:00",
  "test_start": "2024-12-31 23:00:00",
  "test_end": "2025-01-31 15:00:00",
  "selection_train_rows": 22622,
  "validation_rows": 332,
  "train_rows": 22954,
  "test_rows": 733,
  "metrics": {
    "mae": 1.424380348891291,
    "rmse": 2.1130457148484503,
    "r2": 0.9039973134722531
  },
  "baseline_metrics": {
    "mae": 1.619568138230277,
    "rmse": 2.4949556012933565,
    "r2": 0.866158361772554
  },
  "validation_metrics": {
    "mae": 0.9923044648894287,
    "rmse": 1.2314889207041504,
    "r2": 0.9292869183246248
  },
  "validation_baseline_metrics": {
    "mae": 1.0044872484777987,
    "rmse": 1.2981179751363383,
    "r2": 0.9214281328687336
  },
  "beats_baseline_mae": true
}