{
  "intercept": 16.316239664889004,
  "coefficients": [
    0.12855629665757515,
    0.7437431022629061,
    0.06954608118334195,
    7.625290546982406,
    1.7385871631351697,
    -2.115260954604297,
    1.521373260015546,
    0.7328936543778369,
    -2.147389288783515,
    0.10432312824760522,
    0.13943200121899643,
    0.8354486880240333,
    0.5698583141590922,
    -0.1016495351165204,
    1.1487384551313344
  ],
  "feature_means": {
    "SO2_current": 3.660853904945972,
    "NO2_current": 17.39198805235878,
    "O3_current": 50.96518957886237,
    "PM10_current": 16.231127208528374,
    "PM2.5_current": 8.116532717991017,
    "PM10_lag_8h": 16.238405660953546,
    "PM10_lag_24h": 16.233623869442834,
    "PM10_lag_48h": 16.25904088292291,
    "PM10_rolling_24h": 16.25408655356755,
    "hour_sin": -0.003917976706889393,
    "hour_cos": 0.001963833465743324,
    "dow_sin": -0.010460084365838486,
    "dow_cos": 0.006176944977822644,
    "month_sin": -0.03189328875880366,
    "month_cos": -0.014659087358800282
  },
  "feature_stds": {
    "SO2_current": 1.2893735720177506,
    "NO2_current": 14.273063993017326,
    "O3_current": 22.219425225512097,
    "PM10_current": 9.70832445586682,
    "PM2.5_current": 6.297096407809004,
    "PM10_lag_8h": 9.707121525307114,
    "PM10_lag_24h": 9.698804682375215,
    "PM10_lag_48h": 9.654153388825073,
    "PM10_rolling_24h": 9.380671830312469,
    "hour_sin": 0.7066533090174495,
    "hour_cos": 0.7075774303273181,
    "dow_sin": 0.7074174921363103,
    "dow_cos": 0.7067226078201427,
    "month_sin": 0.7207916809866394,
    "month_cos": 0.6922941245381788
  },
  "feature_lower_bounds": {
    "SO2_current": 3.0,
    "NO2_current": 1.0,
    "O3_current": 3.25,
    "PM10_current": 3.25,
    "PM2.5_current": 1.0,
    "PM10_lag_8h": 3.25,
    "PM10_lag_24h": 3.25,
    "PM10_lag_48h": 3.25,
    "PM10_rolling_24h": 3.4269380283816426,
    "hour_sin": -1.0,
    "hour_cos": -1.0,
    "dow_sin": -0.9749279121818236,
    "dow_cos": -0.9009688679024191,
    "month_sin": -1.0,
    "month_cos": -1.0
  },
  "feature_upper_bounds": {
    "SO2_current": 10.0,
    "NO2_current": 69.0,
    "O3_current": 104.625,
    "PM10_current": 55.33541666666648,
    "PM2.5_current": 33.458333333333336,
    "PM10_lag_8h": 55.215624999999974,
    "PM10_lag_24h": 55.541666666666664,
    "PM10_lag_48h": 55.541666666666664,
    "PM10_rolling_24h": 52.703819444444434,
    "hour_sin": 1.0,
    "hour_cos": 1.0,
    "dow_sin": 0.9749279121818236,
    "dow_cos": 1.0,
    "month_sin": 1.0,
    "month_cos": 1.0
  },
  "model_type": "ridge_numpy_winsorized",
  "station": "València - Pista de Silla",
  "pollutant": "PM10",
  "horizon_hours": 24,
  "target_window_hours": 24,
  "alpha": 5.0,
  "feature_clip_quantile": 0.005,
  "feature_names": [
    "SO2_current",
    "NO2_current",
    "O3_current",
    "PM10_current",
    "PM2.5_current",
    "PM10_lag_8h",
    "PM10_lag_24h",
    "PM10_lag_48h",
    "PM10_rolling_24h",
    "hour_sin",
    "hour_cos",
    "dow_sin",
    "dow_cos",
    "month_sin",
    "month_cos"
  ],
  "selected_strategy": "persistence",
  "trained_at_utc": "2026-06-23T13:42:17+00:00",
  "source_file": "data/time/filtrado_València - Pista de Silla.csv",
  "source_start": "2019-01-01 00:00:00",
  "source_end": "2025-01-31 23:00:00",
  "selection_train_start": "2022-02-01 23:00:00",
  "selection_train_end": "2024-11-28 17:00:00",
  "validation_start": "2024-12-06 14:00:00",
  "validation_end": "2024-12-30 22:00:00",
  "train_start": "2022-02-01 23:00:00",
  "train_end": "2024-12-30 22:00:00",
  "test_start": "2024-12-31 23:00:00",
  "test_end": "2025-01-30 23:00:00",
  "selection_train_rows": 22466,
  "validation_rows": 300,
  "train_rows": 22766,
  "test_rows": 717,
  "metrics": {
    "mae": 5.105859129907614,
    "rmse": 6.54613941034637,
    "r2": 0.03039479134273604
  },
  "baseline_metrics": {
    "mae": 4.05577812874975,
    "rmse": 5.9793766203555885,
    "r2": 0.19102284476270082
  },
  "validation_metrics": {
    "mae": 3.9627599689067816,
    "rmse": 4.358709180120388,
    "r2": 0.06831682478718515
  },
  "validation_baseline_metrics": {
    "mae": 2.053564922131856,
    "rmse": 2.474272588386413,
    "r2": 0.6997745157291388
  },
  "beats_baseline_mae": false
}