{
  "intercept": 50.71343193469048,
  "coefficients": [
    0.013586105382022887,
    -3.212601990815056,
    1.9995293312758062,
    -10.94277148557995,
    -8.347549622452581,
    0.026221003757763508,
    24.545878219017254,
    2.5377300393618833,
    -7.017231594960531,
    -0.6826980084391797,
    -0.4566113190645591,
    1.1029023514394962,
    -4.859881337313735
  ],
  "feature_means": {
    "SO2_current": 3.5100008889679084,
    "NO2_current": 17.433505200462264,
    "O3_current": 50.9469563961241,
    "O3_lag_8h": 50.764384876539296,
    "O3_lag_24h": 50.943317448323455,
    "O3_lag_48h": 50.88391825305107,
    "O3_rolling_24h": 50.83275493864814,
    "hour_sin": -0.006622485889062237,
    "hour_cos": 0.0034213566445538387,
    "dow_sin": -0.008271915496839036,
    "dow_cos": 0.0036061220618511178,
    "month_sin": -0.007657263044207213,
    "month_cos": 0.009010549778440199
  },
  "feature_stds": {
    "SO2_current": 1.206217498020332,
    "NO2_current": 15.568401258294351,
    "O3_current": 24.862514394120957,
    "O3_lag_8h": 24.830540836913908,
    "O3_lag_24h": 24.901543408680283,
    "O3_lag_48h": 24.91650011647755,
    "O3_rolling_24h": 19.075637362465784,
    "hour_sin": 0.707613975610024,
    "hour_cos": 0.7065913574493715,
    "dow_sin": 0.7081317596335435,
    "dow_cos": 0.7060541261458262,
    "month_sin": 0.7108741687615212,
    "month_cos": 0.7032514035954198
  },
  "feature_lower_bounds": {
    "SO2_current": 3.0,
    "NO2_current": 1.0,
    "O3_current": 1.5,
    "O3_lag_8h": 1.5,
    "O3_lag_24h": 1.5,
    "O3_lag_48h": 1.5,
    "O3_rolling_24h": 8.183975694444444,
    "hour_sin": -1.0,
    "hour_cos": -1.0,
    "dow_sin": -0.9749279121818236,
    "dow_cos": -0.9009688679024191,
    "month_sin": -1.0,
    "month_cos": -1.0
  },
  "feature_upper_bounds": {
    "SO2_current": 10.0,
    "NO2_current": 79.0,
    "O3_current": 104.5,
    "O3_lag_8h": 104.5,
    "O3_lag_24h": 104.5,
    "O3_lag_48h": 104.5,
    "O3_rolling_24h": 89.88809895833333,
    "hour_sin": 1.0,
    "hour_cos": 1.0,
    "dow_sin": 0.9749279121818236,
    "dow_cos": 1.0,
    "month_sin": 1.0,
    "month_cos": 1.0
  },
  "model_type": "ridge_numpy_winsorized",
  "station": "València - Bulevard Sud",
  "pollutant": "O3",
  "horizon_hours": 8,
  "target_window_hours": 8,
  "alpha": 5.0,
  "feature_clip_quantile": 0.005,
  "feature_names": [
    "SO2_current",
    "NO2_current",
    "O3_current",
    "O3_lag_8h",
    "O3_lag_24h",
    "O3_lag_48h",
    "O3_rolling_24h",
    "hour_sin",
    "hour_cos",
    "dow_sin",
    "dow_cos",
    "month_sin",
    "month_cos"
  ],
  "selected_strategy": "ridge",
  "trained_at_utc": "2026-06-23T13:42:17+00:00",
  "source_file": "data/time/filtrado_València - Bulevard Sud.csv",
  "source_start": "2019-01-01 00:00:00",
  "source_end": "2025-01-31 23:00:00",
  "selection_train_start": "2022-02-01 23:00:00",
  "selection_train_end": "2024-11-30 14:00:00",
  "validation_start": "2024-11-30 23:00:00",
  "validation_end": "2024-12-31 14:00:00",
  "train_start": "2022-02-01 23:00:00",
  "train_end": "2024-12-31 14:00:00",
  "test_start": "2024-12-31 23:00:00",
  "test_end": "2025-01-31 15:00:00",
  "selection_train_rows": 21763,
  "validation_rows": 735,
  "train_rows": 22498,
  "test_rows": 640,
  "metrics": {
    "mae": 12.250785697861659,
    "rmse": 15.418167950347302,
    "r2": 0.33741293720769494
  },
  "baseline_metrics": {
    "mae": 13.351841517857142,
    "rmse": 17.44779182803852,
    "r2": 0.15148729486147794
  },
  "validation_metrics": {
    "mae": 11.802653033278602,
    "rmse": 14.936457454822136,
    "r2": 0.2131512625018882
  },
  "validation_baseline_metrics": {
    "mae": 14.66326530612245,
    "rmse": 18.165516322715945,
    "r2": -0.16383531961996534
  },
  "beats_baseline_mae": true
}