{
  "intercept": 25.71787731422657,
  "coefficients": [
    0.48341331278407673,
    12.645531085919368,
    1.9724168972137741,
    -9.739952087246186,
    0.13299153186395737,
    0.9117271334557225,
    3.1524882341276297,
    0.008703101707384921,
    0.030390328613494385,
    0.4386641800863214,
    0.7463234270434276,
    -0.7512169378997499,
    0.2128943802313073
  ],
  "feature_means": {
    "NO2_current": 22.86419971671388,
    "PM10_current": 25.55736627177453,
    "PM2.5_current": 12.003973047346154,
    "PM10_lag_8h": 25.549654429337092,
    "PM10_lag_24h": 25.56999554683518,
    "PM10_lag_48h": 25.653740346794418,
    "PM10_rolling_24h": 25.577367840335153,
    "hour_sin": -0.002519017153542079,
    "hour_cos": 0.0013560511409913337,
    "dow_sin": -0.015399226717404499,
    "dow_cos": 0.0009007095720197968,
    "month_sin": -0.07106889417794438,
    "month_cos": -0.009861155651235992
  },
  "feature_stds": {
    "NO2_current": 17.170677380048136,
    "PM10_current": 11.93439040121691,
    "PM2.5_current": 6.365987485909576,
    "PM10_lag_8h": 11.89303845553511,
    "PM10_lag_24h": 11.976889567312128,
    "PM10_lag_48h": 12.108194399120434,
    "PM10_rolling_24h": 11.541722422727911,
    "hour_sin": 0.7067595901629804,
    "hour_cos": 0.7074793017775787,
    "dow_sin": 0.7069919044143479,
    "dow_cos": 0.7070846869464291,
    "month_sin": 0.6969200218677672,
    "month_cos": 0.713581453336167
  },
  "feature_lower_bounds": {
    "NO2_current": 4.0,
    "PM10_current": 6.375,
    "PM2.5_current": 2.540863095238095,
    "PM10_lag_8h": 6.373125,
    "PM10_lag_24h": 6.333333333333333,
    "PM10_lag_48h": 6.333333333333333,
    "PM10_rolling_24h": 7.157673611111111,
    "hour_sin": -1.0,
    "hour_cos": -1.0,
    "dow_sin": -0.9749279121818236,
    "dow_cos": -0.9009688679024191,
    "month_sin": -1.0,
    "month_cos": -1.0
  },
  "feature_upper_bounds": {
    "NO2_current": 89.0,
    "PM10_current": 88.67041666666653,
    "PM2.5_current": 40.5,
    "PM10_lag_8h": 88.67041666666653,
    "PM10_lag_24h": 89.04541666666653,
    "PM10_lag_48h": 89.04541666666653,
    "PM10_rolling_24h": 85.31041666666655,
    "hour_sin": 1.0,
    "hour_cos": 1.0,
    "dow_sin": 0.9749279121818236,
    "dow_cos": 1.0,
    "month_sin": 1.0,
    "month_cos": 1.0
  },
  "model_type": "ridge_numpy_winsorized",
  "station": "València - Centre",
  "pollutant": "PM10",
  "horizon_hours": 24,
  "target_window_hours": 24,
  "alpha": 5.0,
  "feature_clip_quantile": 0.005,
  "feature_names": [
    "NO2_current",
    "PM10_current",
    "PM2.5_current",
    "PM10_lag_8h",
    "PM10_lag_24h",
    "PM10_lag_48h",
    "PM10_rolling_24h",
    "hour_sin",
    "hour_cos",
    "dow_sin",
    "dow_cos",
    "month_sin",
    "month_cos"
  ],
  "selected_strategy": "ridge",
  "trained_at_utc": "2026-06-23T13:42:17+00:00",
  "source_file": "data/time/filtrado_València - Centre.csv",
  "source_start": "2019-01-01 00:00:00",
  "source_end": "2025-01-31 23:00:00",
  "selection_train_start": "2022-02-01 23:00:00",
  "selection_train_end": "2024-11-29 22:00:00",
  "validation_start": "2024-11-30 23:00:00",
  "validation_end": "2024-12-30 22:00:00",
  "train_start": "2022-02-01 23:00:00",
  "train_end": "2024-12-30 22:00:00",
  "test_start": "2024-12-31 23:00:00",
  "test_end": "2025-01-30 23:00:00",
  "selection_train_rows": 21876,
  "validation_rows": 716,
  "train_rows": 22592,
  "test_rows": 713,
  "metrics": {
    "mae": 8.1894337156494,
    "rmse": 10.680489009279857,
    "r2": 0.28638598853894104
  },
  "baseline_metrics": {
    "mae": 9.70076843192582,
    "rmse": 12.934732723768493,
    "r2": -0.04663682745554154
  },
  "validation_metrics": {
    "mae": 12.09823970229258,
    "rmse": 17.185995580591648,
    "r2": 0.36770450391092235
  },
  "validation_baseline_metrics": {
    "mae": 14.789188490442436,
    "rmse": 21.56515260379828,
    "r2": 0.004420906314440698
  },
  "beats_baseline_mae": true
}