{
  "intercept": 53.07965326131342,
  "coefficients": [
    0.13407834232080923,
    -1.5806291029440989,
    3.4634482005430347,
    1.1303029463163792,
    -0.7793852289376514,
    -9.181748074465892,
    -7.447642610363573,
    0.17871403102901223,
    23.212141731368323,
    0.9840275144565876,
    -6.569321381146818,
    -0.7070015278144706,
    -0.22468991878351766,
    0.13433953006997018,
    -4.382939273378812
  ],
  "feature_means": {
    "SO2_current": 3.458568445372551,
    "NO2_current": 14.170524725640911,
    "O3_current": 53.11059469329119,
    "PM10_current": 19.392791577911296,
    "PM2.5_current": 9.771549306392245,
    "O3_lag_8h": 53.012712711600834,
    "O3_lag_24h": 53.2362453665209,
    "O3_lag_48h": 53.26133483339575,
    "O3_rolling_24h": 53.118257665479675,
    "hour_sin": -0.0044427268329289785,
    "hour_cos": 0.002929252315345028,
    "dow_sin": -0.005969656726428001,
    "dow_cos": -0.0023832889847115713,
    "month_sin": 0.04553759388993942,
    "month_cos": -0.03250495236277766
  },
  "feature_stds": {
    "SO2_current": 0.7433497655004947,
    "NO2_current": 12.906914590314523,
    "O3_current": 23.10425529860448,
    "PM10_current": 11.554822919488345,
    "PM2.5_current": 6.810056049178125,
    "O3_lag_8h": 23.083958687347437,
    "O3_lag_24h": 23.09989038275564,
    "O3_lag_48h": 23.06393251087962,
    "O3_rolling_24h": 19.04405366950933,
    "hour_sin": 0.7069786378505296,
    "hour_cos": 0.7072462927577219,
    "dow_sin": 0.7091224806274896,
    "dow_cos": 0.7050875274466248,
    "month_sin": 0.7031314557333593,
    "month_cos": 0.7088865953618823
  },
  "feature_lower_bounds": {
    "SO2_current": 3.0,
    "NO2_current": 1.0,
    "O3_current": 4.375,
    "PM10_current": 2.625,
    "PM2.5_current": 1.5,
    "O3_lag_8h": 4.375,
    "O3_lag_24h": 4.5,
    "O3_lag_48h": 4.375,
    "O3_rolling_24h": 11.303645833333333,
    "hour_sin": -1.0,
    "hour_cos": -1.0,
    "dow_sin": -0.9749279121818236,
    "dow_cos": -0.9009688679024191,
    "month_sin": -1.0,
    "month_cos": -1.0
  },
  "feature_upper_bounds": {
    "SO2_current": 7.0,
    "NO2_current": 71.0,
    "O3_current": 107.125,
    "PM10_current": 61.125,
    "PM2.5_current": 39.154047619047645,
    "O3_lag_8h": 107.125,
    "O3_lag_24h": 107.30875000000015,
    "O3_lag_48h": 107.5,
    "O3_rolling_24h": 95.1424479166667,
    "hour_sin": 1.0,
    "hour_cos": 1.0,
    "dow_sin": 0.9749279121818236,
    "dow_cos": 1.0,
    "month_sin": 1.0,
    "month_cos": 1.0
  },
  "model_type": "ridge_numpy_winsorized",
  "station": "València - Av. França",
  "pollutant": "O3",
  "horizon_hours": 8,
  "target_window_hours": 8,
  "alpha": 5.0,
  "feature_clip_quantile": 0.005,
  "feature_names": [
    "SO2_current",
    "NO2_current",
    "O3_current",
    "PM10_current",
    "PM2.5_current",
    "O3_lag_8h",
    "O3_lag_24h",
    "O3_lag_48h",
    "O3_rolling_24h",
    "hour_sin",
    "hour_cos",
    "dow_sin",
    "dow_cos",
    "month_sin",
    "month_cos"
  ],
  "selected_strategy": "ridge",
  "trained_at_utc": "2026-06-23T13:42:17+00:00",
  "source_file": "data/time/filtrado_València - Av. França.csv",
  "source_start": "2019-01-01 00:00:00",
  "source_end": "2025-01-31 23:00:00",
  "selection_train_start": "2022-02-01 23:00:00",
  "selection_train_end": "2024-11-30 14:00:00",
  "validation_start": "2024-11-30 23:00:00",
  "validation_end": "2024-12-31 14:00:00",
  "train_start": "2022-02-01 23:00:00",
  "train_end": "2024-12-31 14:00:00",
  "test_start": "2024-12-31 23:00:00",
  "test_end": "2025-01-31 15:00:00",
  "selection_train_rows": 21833,
  "validation_rows": 674,
  "train_rows": 22507,
  "test_rows": 698,
  "metrics": {
    "mae": 10.390238239941182,
    "rmse": 13.585780994296368,
    "r2": 0.3556512759995052
  },
  "baseline_metrics": {
    "mae": 11.696991404011461,
    "rmse": 14.800977899732233,
    "r2": 0.2352269517473039
  },
  "validation_metrics": {
    "mae": 10.37503661959335,
    "rmse": 13.580290874435265,
    "r2": 0.21951197728962224
  },
  "validation_baseline_metrics": {
    "mae": 13.409398403278225,
    "rmse": 16.658535735973746,
    "r2": -0.17441542892054218
  },
  "beats_baseline_mae": true
}