{
  "intercept": 19.49140441300951,
  "coefficients": [
    0.21082023381990422,
    0.9030824845817724,
    0.15761088756301783,
    11.445607613676188,
    1.164744795240829,
    -3.700713589966538,
    2.3520490306398836,
    0.5257712526793393,
    -2.7873265853050775,
    -0.0057111364242903835,
    -0.027591454385489617,
    0.5636723617443327,
    0.551788646895302,
    0.44244431751235924,
    -0.08971098177056094
  ],
  "feature_means": {
    "SO2_current": 3.4645483431684068,
    "NO2_current": 14.180980481162052,
    "O3_current": 53.468772020837385,
    "PM10_current": 19.372339174601485,
    "PM2.5_current": 9.74120678455515,
    "PM10_lag_8h": 19.35500429365592,
    "PM10_lag_24h": 19.315200986427595,
    "PM10_lag_48h": 19.354843741914827,
    "PM10_rolling_24h": 19.353913136051236,
    "hour_sin": -0.00199705885824476,
    "hour_cos": 0.0011526535393035448,
    "dow_sin": -0.003060563302577771,
    "dow_cos": 0.002907711170848458,
    "month_sin": 0.059565708414366016,
    "month_cos": -0.04338517913338668
  },
  "feature_stds": {
    "SO2_current": 0.7499545965351815,
    "NO2_current": 12.963788195821314,
    "O3_current": 23.152407267947012,
    "PM10_current": 11.498653854601324,
    "PM2.5_current": 6.778019035376896,
    "PM10_lag_8h": 11.510841171505634,
    "PM10_lag_24h": 11.489173167048792,
    "PM10_lag_48h": 11.552025266875436,
    "PM10_rolling_24h": 11.145575194470311,
    "hour_sin": 0.7068776574171495,
    "hour_cos": 0.7073641601436607,
    "dow_sin": 0.7069038328749669,
    "dow_cos": 0.7073291617999685,
    "month_sin": 0.7011946751138409,
    "month_cos": 0.7091832121551083
  },
  "feature_lower_bounds": {
    "SO2_current": 3.0,
    "NO2_current": 1.0,
    "O3_current": 4.5,
    "PM10_current": 2.875,
    "PM2.5_current": 1.5,
    "PM10_lag_8h": 2.7916666666666665,
    "PM10_lag_24h": 2.625,
    "PM10_lag_48h": 2.625,
    "PM10_rolling_24h": 2.9576302083333332,
    "hour_sin": -1.0,
    "hour_cos": -1.0,
    "dow_sin": -0.9749279121818236,
    "dow_cos": -0.9009688679024191,
    "month_sin": -1.0,
    "month_cos": -1.0
  },
  "feature_upper_bounds": {
    "SO2_current": 7.0,
    "NO2_current": 71.0,
    "O3_current": 107.5,
    "PM10_current": 60.708333333333336,
    "PM2.5_current": 39.163214285714275,
    "PM10_lag_8h": 60.916666666666664,
    "PM10_lag_24h": 60.90458333333329,
    "PM10_lag_48h": 60.82729166666665,
    "PM10_rolling_24h": 59.96812915157004,
    "hour_sin": 1.0,
    "hour_cos": 1.0,
    "dow_sin": 0.9749279121818236,
    "dow_cos": 1.0,
    "month_sin": 1.0,
    "month_cos": 1.0
  },
  "model_type": "ridge_numpy_winsorized",
  "station": "València - Av. França",
  "pollutant": "PM10",
  "horizon_hours": 24,
  "target_window_hours": 24,
  "alpha": 5.0,
  "feature_clip_quantile": 0.005,
  "feature_names": [
    "SO2_current",
    "NO2_current",
    "O3_current",
    "PM10_current",
    "PM2.5_current",
    "PM10_lag_8h",
    "PM10_lag_24h",
    "PM10_lag_48h",
    "PM10_rolling_24h",
    "hour_sin",
    "hour_cos",
    "dow_sin",
    "dow_cos",
    "month_sin",
    "month_cos"
  ],
  "selected_strategy": "ridge",
  "trained_at_utc": "2026-06-23T13:42:17+00:00",
  "source_file": "data/time/filtrado_València - Av. França.csv",
  "source_start": "2019-01-01 00:00:00",
  "source_end": "2025-01-31 23:00:00",
  "selection_train_start": "2022-02-01 23:00:00",
  "selection_train_end": "2024-11-29 22:00:00",
  "validation_start": "2024-11-30 23:00:00",
  "validation_end": "2024-12-30 22:00:00",
  "train_start": "2022-02-01 23:00:00",
  "train_end": "2024-12-30 22:00:00",
  "test_start": "2024-12-31 23:00:00",
  "test_end": "2025-01-30 23:00:00",
  "selection_train_rows": 21404,
  "validation_rows": 626,
  "train_rows": 22030,
  "test_rows": 706,
  "metrics": {
    "mae": 7.472805268448098,
    "rmse": 10.331356025992987,
    "r2": 0.4573334432174294
  },
  "baseline_metrics": {
    "mae": 8.488805419546583,
    "rmse": 12.484725328218259,
    "r2": 0.2075417589100894
  },
  "validation_metrics": {
    "mae": 7.611885270588815,
    "rmse": 9.573360477765618,
    "r2": 0.6195579958263513
  },
  "validation_baseline_metrics": {
    "mae": 8.020502462684766,
    "rmse": 10.639870703003915,
    "r2": 0.5300709022297907
  },
  "beats_baseline_mae": true
}