{
  "intercept": 12.652972241791543,
  "coefficients": [
    0.3457309712277703,
    -0.3638899064003143,
    11.494997346434886,
    0.10336202426116232,
    2.8179781844659164,
    -0.16562957053084715,
    -7.137278496217447,
    0.014718036691694495,
    0.01314754287458216,
    0.051363147764959656,
    0.059997004673230526,
    -0.03655332978614434,
    0.022156056442688647
  ],
  "feature_means": {
    "NO2_current": 32.995975045280744,
    "PM10_current": 27.81810738614936,
    "PM2.5_current": 12.636761947554152,
    "PM2.5_lag_8h": 12.636114551898427,
    "PM2.5_lag_24h": 12.639884465979447,
    "PM2.5_lag_48h": 12.66139808849964,
    "PM2.5_rolling_24h": 12.643913916902266,
    "hour_sin": 0.00030825333643259845,
    "hour_cos": 0.0011217841286847577,
    "dow_sin": -0.0005040014087476504,
    "dow_cos": 0.005015143132954442,
    "month_sin": -0.02001640656612323,
    "month_cos": -0.025510234483805152
  },
  "feature_stds": {
    "NO2_current": 19.374589599950028,
    "PM10_current": 12.45501241783235,
    "PM2.5_current": 7.021367380143319,
    "PM2.5_lag_8h": 7.015347587521783,
    "PM2.5_lag_24h": 7.008702009187224,
    "PM2.5_lag_48h": 7.015788853869519,
    "PM2.5_rolling_24h": 6.822014325936181,
    "hour_sin": 0.7076868792409001,
    "hour_cos": 0.7065537337268784,
    "dow_sin": 0.7073183714177619,
    "dow_cos": 0.7069056273093698,
    "month_sin": 0.7088634202678914,
    "month_cos": 0.7046285770935113
  },
  "feature_lower_bounds": {
    "NO2_current": 4.0,
    "PM10_current": 7.5,
    "PM2.5_current": 2.375,
    "PM2.5_lag_8h": 2.375,
    "PM2.5_lag_24h": 2.375,
    "PM2.5_lag_48h": 2.375,
    "PM2.5_rolling_24h": 2.7205419685990337,
    "hour_sin": -1.0,
    "hour_cos": -1.0,
    "dow_sin": -0.9749279121818236,
    "dow_cos": -0.9009688679024191,
    "month_sin": -1.0,
    "month_cos": -1.0
  },
  "feature_upper_bounds": {
    "NO2_current": 101.0,
    "PM10_current": 80.03249999999996,
    "PM2.5_current": 43.16249999999976,
    "PM2.5_lag_8h": 43.0,
    "PM2.5_lag_24h": 42.83833333333314,
    "PM2.5_lag_48h": 42.94916666666662,
    "PM2.5_rolling_24h": 41.96590277777776,
    "hour_sin": 1.0,
    "hour_cos": 1.0,
    "dow_sin": 0.9749279121818236,
    "dow_cos": 1.0,
    "month_sin": 1.0,
    "month_cos": 1.0
  },
  "model_type": "ridge_numpy_winsorized",
  "station": "València Olivereta",
  "pollutant": "PM2.5",
  "horizon_hours": 8,
  "target_window_hours": 24,
  "alpha": 5.0,
  "feature_clip_quantile": 0.005,
  "feature_names": [
    "NO2_current",
    "PM10_current",
    "PM2.5_current",
    "PM2.5_lag_8h",
    "PM2.5_lag_24h",
    "PM2.5_lag_48h",
    "PM2.5_rolling_24h",
    "hour_sin",
    "hour_cos",
    "dow_sin",
    "dow_cos",
    "month_sin",
    "month_cos"
  ],
  "selected_strategy": "ridge",
  "trained_at_utc": "2026-06-23T13:42:17+00:00",
  "source_file": "data/time/filtrado_València Olivereta.csv",
  "source_start": "2022-01-01 00:00:00",
  "source_end": "2025-01-31 23:00:00",
  "selection_train_start": "2022-02-01 23:00:00",
  "selection_train_end": "2024-11-30 14:00:00",
  "validation_start": "2024-11-30 23:00:00",
  "validation_end": "2024-12-31 14:00:00",
  "train_start": "2022-02-01 23:00:00",
  "train_end": "2024-12-31 14:00:00",
  "test_start": "2024-12-31 23:00:00",
  "test_end": "2025-01-31 15:00:00",
  "selection_train_rows": 24118,
  "validation_rows": 727,
  "train_rows": 24845,
  "test_rows": 729,
  "metrics": {
    "mae": 1.2619900436231537,
    "rmse": 1.778532996193321,
    "r2": 0.9328633894425777
  },
  "baseline_metrics": {
    "mae": 1.797093110887359,
    "rmse": 2.5976571726269024,
    "r2": 0.8567814651209571
  },
  "validation_metrics": {
    "mae": 1.7692561864882124,
    "rmse": 2.2984762442171522,
    "r2": 0.934964170385478
  },
  "validation_baseline_metrics": {
    "mae": 2.280318549089776,
    "rmse": 2.980964109872948,
    "r2": 0.890607854514025
  },
  "beats_baseline_mae": true
}