{
  "intercept": 15.169786549212267,
  "coefficients": [
    -0.05062389781443137,
    4.498318799970214,
    -0.0034857527476917127,
    -0.46234420496030376,
    1.5929815768905669,
    2.188698101395964,
    0.265754098827693,
    0.31542909007456127,
    0.07669650888475775,
    0.9996188498274408,
    0.977952239277276,
    0.6964692726924194,
    1.3362677130015896
  ],
  "feature_means": {
    "SO2_current": 3.4932661358631205,
    "NO2_current": 15.171565305776724,
    "O3_current": 55.81448698401942,
    "NO2_lag_8h": 15.246146027443674,
    "NO2_lag_24h": 15.21404370658987,
    "NO2_lag_48h": 15.241275622564798,
    "NO2_rolling_24h": 15.2652481627112,
    "hour_sin": -0.012147395705445336,
    "hour_cos": 0.019525139518951365,
    "dow_sin": -0.01151109150822525,
    "dow_cos": -0.002003801300255624,
    "month_sin": -0.031014672041696233,
    "month_cos": -0.03521176884710849
  },
  "feature_stds": {
    "SO2_current": 1.0069835628225294,
    "NO2_current": 12.995227861925239,
    "O3_current": 24.128012969019004,
    "NO2_lag_8h": 12.996566334650627,
    "NO2_lag_24h": 13.039093802133845,
    "NO2_lag_48h": 13.084583345444548,
    "NO2_rolling_24h": 8.59529582979711,
    "hour_sin": 0.7062085270637609,
    "hour_cos": 0.7076602693039428,
    "dow_sin": 0.7086489326083042,
    "dow_cos": 0.7054945196274056,
    "month_sin": 0.7073773827233709,
    "month_cos": 0.705306826673586
  },
  "feature_lower_bounds": {
    "SO2_current": 3.0,
    "NO2_current": 2.0,
    "O3_current": 4.875,
    "NO2_lag_8h": 2.0,
    "NO2_lag_24h": 2.0,
    "NO2_lag_48h": 2.0,
    "NO2_rolling_24h": 3.25,
    "hour_sin": -1.0,
    "hour_cos": -1.0,
    "dow_sin": -0.9749279121818236,
    "dow_cos": -0.9009688679024191,
    "month_sin": -1.0,
    "month_cos": -1.0
  },
  "feature_upper_bounds": {
    "SO2_current": 8.0,
    "NO2_current": 66.0,
    "O3_current": 107.75,
    "NO2_lag_8h": 66.0,
    "NO2_lag_24h": 66.0,
    "NO2_lag_48h": 67.0,
    "NO2_rolling_24h": 45.08104166666666,
    "hour_sin": 1.0,
    "hour_cos": 1.0,
    "dow_sin": 0.9749279121818236,
    "dow_cos": 1.0,
    "month_sin": 1.0,
    "month_cos": 1.0
  },
  "model_type": "ridge_numpy_winsorized",
  "station": "València - Vivers",
  "pollutant": "NO2",
  "horizon_hours": 24,
  "target_window_hours": 1,
  "alpha": 5.0,
  "feature_clip_quantile": 0.005,
  "feature_names": [
    "SO2_current",
    "NO2_current",
    "O3_current",
    "NO2_lag_8h",
    "NO2_lag_24h",
    "NO2_lag_48h",
    "NO2_rolling_24h",
    "hour_sin",
    "hour_cos",
    "dow_sin",
    "dow_cos",
    "month_sin",
    "month_cos"
  ],
  "selected_strategy": "ridge",
  "trained_at_utc": "2026-06-23T13:42:17+00:00",
  "source_file": "data/time/filtrado_València - Vivers.csv",
  "source_start": "2019-01-01 00:00:00",
  "source_end": "2025-01-31 23:00:00",
  "selection_train_start": "2022-02-01 23:00:00",
  "selection_train_end": "2024-11-29 22:00:00",
  "validation_start": "2024-11-30 23:00:00",
  "validation_end": "2024-12-30 22:00:00",
  "train_start": "2022-02-01 23:00:00",
  "train_end": "2024-12-30 22:00:00",
  "test_start": "2024-12-31 23:00:00",
  "test_end": "2025-01-30 23:00:00",
  "selection_train_rows": 22912,
  "validation_rows": 700,
  "train_rows": 23612,
  "test_rows": 713,
  "metrics": {
    "mae": 10.635397823929962,
    "rmse": 13.372264403470018,
    "r2": 0.2816406723745478
  },
  "baseline_metrics": {
    "mae": 10.890603085553996,
    "rmse": 15.363067496995873,
    "r2": 0.05182674230756279
  },
  "validation_metrics": {
    "mae": 11.34097806037302,
    "rmse": 13.939855324919968,
    "r2": 0.2475834145743513
  },
  "validation_baseline_metrics": {
    "mae": 13.471428571428572,
    "rmse": 17.63559711816659,
    "r2": -0.2042652786598671
  },
  "beats_baseline_mae": true
}