{
  "intercept": 27.87556306962502,
  "coefficients": [
    1.2752798387845112,
    10.82767866477898,
    3.194049844903549,
    -4.952046130304887,
    1.9133957579753182,
    0.7359707334503528,
    -2.958173662827013,
    0.07139198939710852,
    0.05611421824135254,
    1.0575362261844983,
    1.2598373186892937,
    -0.6065366579444464,
    0.6175422476384297
  ],
  "feature_means": {
    "NO2_current": 32.987092336327585,
    "PM10_current": 27.80317040488213,
    "PM2.5_current": 12.621134926081305,
    "PM10_lag_8h": 27.8085669089017,
    "PM10_lag_24h": 27.83931942275293,
    "PM10_lag_48h": 27.892582970093468,
    "PM10_rolling_24h": 27.838251106304646,
    "hour_sin": -0.0003033039447366267,
    "hour_cos": 0.0008896011754860209,
    "dow_sin": -0.0013374433941290402,
    "dow_cos": 0.005038806003966281,
    "month_sin": -0.019772761495342007,
    "month_cos": -0.025950768514940294
  },
  "feature_stds": {
    "NO2_current": 19.380795081751945,
    "PM10_current": 12.448260961798612,
    "PM2.5_current": 7.004493634828907,
    "PM10_lag_8h": 12.438695749502847,
    "PM10_lag_24h": 12.449792500571034,
    "PM10_lag_48h": 12.464041440542683,
    "PM10_rolling_24h": 11.969750712345274,
    "hour_sin": 0.7077094819782875,
    "hour_cos": 0.7065315776606379,
    "dow_sin": 0.7070602724280027,
    "dow_cos": 0.7071626801989821,
    "month_sin": 0.7089024620590391,
    "month_cos": 0.7045802411826912
  },
  "feature_lower_bounds": {
    "NO2_current": 4.0,
    "PM10_current": 7.5,
    "PM2.5_current": 2.375,
    "PM10_lag_8h": 7.5,
    "PM10_lag_24h": 7.5,
    "PM10_lag_48h": 7.5,
    "PM10_rolling_24h": 8.284722222222223,
    "hour_sin": -1.0,
    "hour_cos": -1.0,
    "dow_sin": -0.9749279121818236,
    "dow_cos": -0.9009688679024191,
    "month_sin": -1.0,
    "month_cos": -1.0
  },
  "feature_upper_bounds": {
    "NO2_current": 101.0,
    "PM10_current": 80.05979166666673,
    "PM2.5_current": 43.0,
    "PM10_lag_8h": 80.05979166666673,
    "PM10_lag_24h": 80.05979166666673,
    "PM10_lag_48h": 80.01812500000005,
    "PM10_rolling_24h": 77.5786631944445,
    "hour_sin": 1.0,
    "hour_cos": 1.0,
    "dow_sin": 0.9749279121818236,
    "dow_cos": 1.0,
    "month_sin": 1.0,
    "month_cos": 1.0
  },
  "model_type": "ridge_numpy_winsorized",
  "station": "València Olivereta",
  "pollutant": "PM10",
  "horizon_hours": 24,
  "target_window_hours": 24,
  "alpha": 5.0,
  "feature_clip_quantile": 0.005,
  "feature_names": [
    "NO2_current",
    "PM10_current",
    "PM2.5_current",
    "PM10_lag_8h",
    "PM10_lag_24h",
    "PM10_lag_48h",
    "PM10_rolling_24h",
    "hour_sin",
    "hour_cos",
    "dow_sin",
    "dow_cos",
    "month_sin",
    "month_cos"
  ],
  "selected_strategy": "ridge",
  "trained_at_utc": "2026-06-23T13:42:17+00:00",
  "source_file": "data/time/filtrado_València Olivereta.csv",
  "source_start": "2022-01-01 00:00:00",
  "source_end": "2025-01-31 23:00:00",
  "selection_train_start": "2022-02-01 23:00:00",
  "selection_train_end": "2024-11-29 22:00:00",
  "validation_start": "2024-11-30 23:00:00",
  "validation_end": "2024-12-30 22:00:00",
  "train_start": "2022-02-01 23:00:00",
  "train_end": "2024-12-30 22:00:00",
  "test_start": "2024-12-31 23:00:00",
  "test_end": "2025-01-30 23:00:00",
  "selection_train_rows": 24003,
  "validation_rows": 711,
  "train_rows": 24714,
  "test_rows": 714,
  "metrics": {
    "mae": 6.828316629609652,
    "rmse": 9.162051943355474,
    "r2": 0.41959533043058406
  },
  "baseline_metrics": {
    "mae": 9.018888578592106,
    "rmse": 12.24036900868866,
    "r2": -0.0359395642403364
  },
  "validation_metrics": {
    "mae": 9.98866926788081,
    "rmse": 13.632260153405358,
    "r2": 0.41928388817379203
  },
  "validation_baseline_metrics": {
    "mae": 12.835414051459633,
    "rmse": 17.909279320206863,
    "r2": -0.0022691539249632964
  },
  "beats_baseline_mae": true
}